hold_window,strategy_id,cluster_date_utc,cluster_pnl_usdt,cluster_roi_on_margin,cumulative_pnl_usdt,drawdown_from_peak_usdt,tokens_count
14d,aggressive_10_be20_tp20_50,2024-01-04,-106.81818181818198,-0.35606060606060663,-106.81818181818198,-106.81818181818198,3
14d,aggressive_10_be20_tp20_50,2024-04-03,1164.2376827291512,5.821188413645756,1057.4195009109692,0.0,2
14d,aggressive_10_be20_tp20_50,2024-07-01,575.9909721568915,1.9199699071896383,1633.4104730678607,0.0,3
14d,aggressive_10_be20_tp20_50,2024-10-03,-181.81818181818198,-0.90909090909091,1451.5922912496787,-181.81818181818198,2
14d,aggressive_10_be20_tp20_50,2025-01-02,934.357149772485,4.671785748862424,2385.9494410221637,0.0,2
14d,aggressive_10_be20_tp20_50,2025-03-04,1208.3372908216447,4.0277909694054825,3594.2867318438084,0.0,3
14d,aggressive_10_be20_tp20_50,2025-04-03,1366.8255474232706,2.7336510948465413,4961.112279267079,0.0,5
14d,aggressive_10_be20_tp20_50,2025-05-07,-379.5454545454549,-0.6325757575757581,4581.5668247216245,-379.54545454545496,6
14d,aggressive_10_be20_tp20_50,2025-06-05,349.2038216560508,3.492038216560508,4930.770646377675,-30.341632889404536,1
14d,aggressive_10_be20_tp20_50,2025-10-09,-90.90909090909093,-0.9090909090909094,4839.861555468584,-121.25072379849553,1
14d,aggressive_10_be20_tp20_50,2025-12-01,-90.90909090909093,-0.9090909090909094,4748.952464559493,-212.15981470758652,1
14d,aggressive_10_be20_tp20_50,2026-01-02,-90.90909090909105,-0.9090909090909105,4658.043373650402,-303.0689056166775,1
14d,aggressive_10_be20_tp20_50,2026-03-06,319.63557870957493,0.39954447338696863,4977.678952359976,0.0,8
14d,aggressive_10_be20_tp20_50,2026-03-13,1149.936115843271,3.8331203861442367,6127.615068203248,0.0,3
14d,aggressive_10_be20_tp20_50,2026-04-14,23.239621650026407,0.05809905412506602,6150.854689853274,0.0,4
14d,aggressive_10_be20_tp20_50,2026-04-30,175.87621606192403,0.5862540535397468,6326.7309059151985,0.0,3
14d,aggressive_10_be20_tp20_50,2026-05-22,944.4682458754933,1.8889364917509865,7271.199151790692,0.0,5
14d,balanced_10_be15_tp10_30,2024-01-04,-24.24242424242442,-0.0808080808080814,-24.24242424242442,-24.24242424242442,3
14d,balanced_10_be15_tp10_30,2024-04-03,531.0797455491988,2.655398727745994,506.8373213067744,0.0,2
14d,balanced_10_be15_tp10_30,2024-07-01,593.2818452100962,1.9776061507003206,1100.1191665168706,0.0,3
14d,balanced_10_be15_tp10_30,2024-10-03,-57.575757575757585,-0.2878787878787879,1042.543408941113,-57.57575757575751,2
14d,balanced_10_be15_tp10_30,2025-01-02,664.1190545343898,3.320595272671949,1706.6624634755028,0.0,2
14d,balanced_10_be15_tp10_30,2025-03-04,1035.7159817807049,3.4523866059356827,2742.3784452562077,0.0,3
14d,balanced_10_be15_tp10_30,2025-04-03,965.4016445287793,1.9308032890575586,3707.780089784987,0.0,5
14d,balanced_10_be15_tp10_30,2025-05-07,-421.21212121212153,-0.7020202020202025,3286.5679685728655,-421.2121212121215,6
14d,balanced_10_be15_tp10_30,2025-06-05,322.2778283287837,3.222778283287837,3608.845796901649,-98.934292883338,1
14d,balanced_10_be15_tp10_30,2025-10-09,-90.90909090909093,-0.9090909090909094,3517.936705992558,-189.843383792429,1
14d,balanced_10_be15_tp10_30,2025-12-01,-90.90909090909093,-0.9090909090909094,3427.027615083467,-280.75247470152,1
14d,balanced_10_be15_tp10_30,2026-01-02,-90.90909090909105,-0.9090909090909105,3336.118524174376,-371.661565610611,1
14d,balanced_10_be15_tp10_30,2026-03-06,714.2395835647959,0.8927994794559949,4050.358107739172,0.0,8
14d,balanced_10_be15_tp10_30,2026-03-13,1010.6869067899732,3.3689563559665774,5061.045014529145,0.0,3
14d,balanced_10_be15_tp10_30,2026-04-14,-24.111052723769525,-0.06027763180942381,5036.9339618053755,-24.111052723769717,4
14d,balanced_10_be15_tp10_30,2026-04-30,179.70644380519533,0.5990214793506511,5216.640405610571,0.0,3
14d,balanced_10_be15_tp10_30,2026-05-22,1028.2569538600599,2.0565139077201198,6244.897359470631,0.0,5
14d,base_10_be20_tp15_30,2024-01-04,-35.347593582887825,-0.11782531194295942,-35.347593582887825,-35.347593582887825,3
14d,base_10_be20_tp15_30,2024-04-03,887.4140961024946,4.437070480512473,852.0665025196067,0.0,2
14d,base_10_be20_tp15_30,2024-07-01,628.0443545434314,2.093481181811438,1480.110857063038,0.0,3
14d,base_10_be20_tp15_30,2024-10-03,-93.58288770053485,-0.4679144385026743,1386.5279693625032,-93.58288770053491,2
14d,base_10_be20_tp15_30,2025-01-02,732.3898474095802,3.6619492370479008,2118.9178167720834,0.0,2
14d,base_10_be20_tp15_30,2025-03-04,1076.6125664663114,3.5887085548877047,3195.5303832383947,0.0,3
14d,base_10_be20_tp15_30,2025-04-03,1090.695159784344,2.181390319568688,4286.225543022739,0.0,5
14d,base_10_be20_tp15_30,2025-05-07,-396.31016042780783,-0.6605169340463464,3889.915382594931,-396.31016042780766,6
14d,base_10_be20_tp15_30,2025-06-05,332.84857892201455,3.3284857892201454,4222.7639615169455,-63.46158150579322,1
14d,base_10_be20_tp15_30,2025-10-09,-90.90909090909093,-0.9090909090909094,4131.8548706078545,-154.3706724148842,1
14d,base_10_be20_tp15_30,2025-12-01,-90.90909090909093,-0.9090909090909094,4040.9457796987635,-245.2797633239752,1
14d,base_10_be20_tp15_30,2026-01-02,-90.90909090909105,-0.9090909090909105,3950.0366887896726,-336.1888542330662,1
14d,base_10_be20_tp15_30,2026-03-06,567.4196115420174,0.7092745144275218,4517.45630033169,0.0,8
14d,base_10_be20_tp15_30,2026-03-13,1048.2462814768155,3.494154271589385,5565.702581808506,0.0,3
14d,base_10_be20_tp15_30,2026-04-14,6.47491576767348,0.0161872894191837,5572.177497576179,0.0,4
14d,base_10_be20_tp15_30,2026-04-30,201.65809403050284,0.6721936467683428,5773.835591606682,0.0,3
14d,base_10_be20_tp15_30,2026-05-22,1019.9296491425812,2.039859298285162,6793.765240749263,0.0,5
14d,defensive_7p5_be10_tp10_20,2024-01-04,94.12144702842372,0.31373815676141237,94.12144702842372,0.0,3
14d,defensive_7p5_be10_tp10_20,2024-04-03,456.8733963428497,2.2843669817142485,550.9948433712734,0.0,2
14d,defensive_7p5_be10_tp10_20,2024-07-01,508.7580356862866,1.6958601189542886,1059.75287905756,0.0,3
14d,defensive_7p5_be10_tp10_20,2024-10-03,-25.322997416020662,-0.12661498708010333,1034.4298816415394,-25.3229974160206,2
14d,defensive_7p5_be10_tp10_20,2025-01-02,599.9432432655552,2.999716216327776,1634.3731249070947,0.0,2
14d,defensive_7p5_be10_tp10_20,2025-03-04,779.763600828324,2.59921200276108,2414.1367257354186,0.0,3
14d,defensive_7p5_be10_tp10_20,2025-04-03,1053.100057227192,2.106200114454384,3467.236782962611,0.0,5
14d,defensive_7p5_be10_tp10_20,2025-05-07,-229.39276485788105,-0.3823212747631351,3237.84401810473,-229.39276485788105,6
14d,defensive_7p5_be10_tp10_20,2025-06-05,236.9603680113234,2.369603680113234,3474.804386116053,0.0,1
14d,defensive_7p5_be10_tp10_20,2025-10-09,-69.76744186046501,-0.6976744186046502,3405.036944255588,-69.76744186046517,1
14d,defensive_7p5_be10_tp10_20,2025-12-01,-69.76744186046513,-0.6976744186046513,3335.269502395123,-139.53488372093034,1
14d,defensive_7p5_be10_tp10_20,2026-01-02,-69.76744186046513,-0.6976744186046513,3265.5020605346576,-209.3023255813955,1
14d,defensive_7p5_be10_tp10_20,2026-03-06,379.05553365742566,0.47381941707178205,3644.5575941920833,0.0,8
14d,defensive_7p5_be10_tp10_20,2026-03-13,228.02263953268272,0.7600754651089424,3872.580233724766,0.0,3
14d,defensive_7p5_be10_tp10_20,2026-04-14,102.38868724888357,0.2559717181222089,3974.96892097365,0.0,4
14d,defensive_7p5_be10_tp10_20,2026-04-30,180.98318638628575,0.6032772879542858,4155.952107359935,0.0,3
14d,defensive_7p5_be10_tp10_20,2026-05-22,669.2037977138807,1.3384075954277614,4825.155905073816,0.0,5
14d,runner_only_10_no_be,2024-01-04,-94.52345407401596,-0.31507818024671985,-94.52345407401596,-94.52345407401596,3
14d,runner_only_10_no_be,2024-04-03,1435.5481323825225,7.177740661912612,1341.0246783085065,0.0,2
14d,runner_only_10_no_be,2024-07-01,550.936441283008,1.8364548042766933,1891.9611195915145,0.0,3
14d,runner_only_10_no_be,2024-10-03,-181.81818181818198,-0.90909090909091,1710.1429377733325,-181.81818181818198,2
14d,runner_only_10_no_be,2025-01-02,1743.311711362829,8.716558556814146,3453.4546491361616,0.0,2
14d,runner_only_10_no_be,2025-03-04,1404.7675583166351,4.682558527722117,4858.222207452796,0.0,3
14d,runner_only_10_no_be,2025-04-03,3263.679682570808,6.527359365141616,8121.901890023604,0.0,5
14d,runner_only_10_no_be,2025-05-07,-545.454545454546,-0.90909090909091,7576.447344569058,-545.454545454546,6
14d,runner_only_10_no_be,2025-06-05,391.71974522292976,3.9171974522292974,7968.1670897919885,-153.73480023161574,1
14d,runner_only_10_no_be,2025-10-09,-90.90909090909093,-0.9090909090909094,7877.2579988828975,-244.64389114070673,1
14d,runner_only_10_no_be,2025-12-01,-90.90909090909093,-0.9090909090909094,7786.3489079738065,-335.5529820497977,1
14d,runner_only_10_no_be,2026-01-02,-90.90909090909105,-0.9090909090909105,7695.4398170647155,-426.4620729588887,1
14d,runner_only_10_no_be,2026-03-06,329.99887867601655,0.4124985983450207,8025.438695740732,-96.46319428287188,8
14d,runner_only_10_no_be,2026-03-13,1230.4282174384389,4.1014273914614625,9255.866913179172,0.0,3
14d,runner_only_10_no_be,2026-04-14,-142.66946925906453,-0.3566736731476613,9113.197443920108,-142.6694692590645,4
14d,runner_only_10_no_be,2026-04-30,175.87621606192403,0.5862540535397468,9289.073659982032,0.0,3
14d,runner_only_10_no_be,2026-05-22,950.8637278740812,1.9017274557481623,10239.937387856113,0.0,5
1d,aggressive_10_be20_tp20_50,2024-01-04,124.13062863816116,0.41376876212720387,124.13062863816116,0.0,3
1d,aggressive_10_be20_tp20_50,2024-04-03,227.29261057102178,1.136463052855109,351.42323920918295,0.0,2
1d,aggressive_10_be20_tp20_50,2024-07-01,171.6893555766108,0.572297851922036,523.1125947857938,0.0,3
1d,aggressive_10_be20_tp20_50,2024-10-03,14.297275424871913,0.07148637712435957,537.4098702106658,0.0,2
1d,aggressive_10_be20_tp20_50,2025-01-02,658.661031763066,3.2933051588153304,1196.070901973732,0.0,2
1d,aggressive_10_be20_tp20_50,2025-03-04,708.408488952572,2.3613616298419067,1904.479390926304,0.0,3
1d,aggressive_10_be20_tp20_50,2025-04-03,800.6611735330837,1.6013223470661673,2705.140564459388,0.0,5
1d,aggressive_10_be20_tp20_50,2025-05-07,-221.61709312592802,-0.3693618218765467,2483.52347133346,-221.61709312592802,6
1d,aggressive_10_be20_tp20_50,2025-06-05,107.26351351351337,1.0726351351351338,2590.786984846973,-114.3535796124147,1
1d,aggressive_10_be20_tp20_50,2025-10-09,-90.90909090909093,-0.9090909090909094,2499.877893937882,-205.2626705215057,1
1d,aggressive_10_be20_tp20_50,2025-12-01,-90.90909090909093,-0.9090909090909094,2408.968803028791,-296.1717614305967,1
1d,aggressive_10_be20_tp20_50,2026-01-02,-47.05882352941182,-0.4705882352941182,2361.9099794993795,-343.2305849600084,1
1d,aggressive_10_be20_tp20_50,2026-03-06,954.2058514189123,1.1927573142736403,3316.115830918292,0.0,8
1d,aggressive_10_be20_tp20_50,2026-03-13,287.9873949298193,0.9599579830993976,3604.1032258481114,0.0,3
1d,aggressive_10_be20_tp20_50,2026-04-14,366.95187382268676,0.9173796845567169,3971.055099670798,0.0,4
1d,aggressive_10_be20_tp20_50,2026-04-30,175.87621606192403,0.5862540535397468,4146.931315732722,0.0,3
1d,aggressive_10_be20_tp20_50,2026-05-22,554.1829202088173,1.1083658404176346,4701.11423594154,0.0,5
1d,balanced_10_be15_tp10_30,2024-01-04,150.37439063822285,0.5012479687940762,150.37439063822285,0.0,3
1d,balanced_10_be15_tp10_30,2024-04-03,225.77149406638188,1.1288574703319094,376.1458847046047,0.0,2
1d,balanced_10_be15_tp10_30,2024-07-01,171.6893555766108,0.572297851922036,547.8352402812155,0.0,3
1d,balanced_10_be15_tp10_30,2024-10-03,16.068698858016404,0.08034349429008202,563.903939139232,0.0,2
1d,balanced_10_be15_tp10_30,2025-01-02,388.4229365249707,1.9421146826248534,952.3268756642026,0.0,2
1d,balanced_10_be15_tp10_30,2025-03-04,583.408488952572,1.9446949631752402,1535.7353646167746,0.0,3
1d,balanced_10_be15_tp10_30,2025-04-03,659.2230782949887,1.3184461565899774,2194.958442911763,0.0,5
1d,balanced_10_be15_tp10_30,2025-05-07,-263.28375979259465,-0.43880626632099107,1931.6746831191685,-263.28375979259454,6
1d,balanced_10_be15_tp10_30,2025-06-05,108.41779279279271,1.084177927927927,2040.0924759119612,-154.8659669998019,1
1d,balanced_10_be15_tp10_30,2025-10-09,-90.90909090909093,-0.9090909090909094,1949.1833850028702,-245.7750579088929,1
1d,balanced_10_be15_tp10_30,2025-12-01,-90.90909090909093,-0.9090909090909094,1858.2742940937792,-336.6841488179839,1
1d,balanced_10_be15_tp10_30,2026-01-02,-47.05882352941182,-0.4705882352941182,1811.2154705643675,-383.7429723473956,1
1d,balanced_10_be15_tp10_30,2026-03-06,885.6104642415225,1.1070130803019032,2696.82593480589,0.0,8
1d,balanced_10_be15_tp10_30,2026-03-13,301.59117645087355,1.0053039215029118,2998.4171112567637,0.0,3
1d,balanced_10_be15_tp10_30,2026-04-14,319.60119944889084,0.7990029986222271,3318.0183107056546,0.0,4
1d,balanced_10_be15_tp10_30,2026-04-30,179.70644380519533,0.5990214793506511,3497.72475451085,0.0,3
1d,balanced_10_be15_tp10_30,2026-05-22,512.2359110145534,1.0244718220291067,4009.9606655254033,0.0,5
1d,base_10_be20_tp15_30,2024-01-04,124.13062863816116,0.41376876212720387,124.13062863816116,0.0,3
1d,base_10_be20_tp15_30,2024-04-03,225.414697141499,1.127073485707495,349.5453257796602,0.0,2
1d,base_10_be20_tp15_30,2024-07-01,171.6893555766108,0.572297851922036,521.234681356271,0.0,3
1d,base_10_be20_tp15_30,2024-10-03,37.814468652311234,0.18907234326155617,559.0491500085823,0.0,2
1d,base_10_be20_tp15_30,2025-01-02,411.85708615048617,2.0592854307524306,970.9062361590684,0.0,2
1d,base_10_be20_tp15_30,2025-03-04,637.3968646361172,2.124656215453724,1608.3031007951856,0.0,3
1d,base_10_be20_tp15_30,2025-04-03,753.7835938270441,1.5075671876540881,2362.0866946222295,0.0,5
1d,base_10_be20_tp15_30,2025-05-07,-243.11394186542378,-0.40518990310903963,2118.9727527568057,-243.11394186542384,6
1d,base_10_be20_tp15_30,2025-06-05,107.26351351351337,1.0726351351351338,2226.236266270319,-135.85042835191052,1
1d,base_10_be20_tp15_30,2025-10-09,-90.90909090909093,-0.9090909090909094,2135.327175361228,-226.75951926100151,1
1d,base_10_be20_tp15_30,2025-12-01,-90.90909090909093,-0.9090909090909094,2044.418084452137,-317.6686101700925,1
1d,base_10_be20_tp15_30,2026-01-02,-47.05882352941182,-0.4705882352941182,1997.3592609227253,-364.7274336995042,1
1d,base_10_be20_tp15_30,2026-03-06,977.2676387782722,1.2215845484728403,2974.6268997009975,0.0,8
1d,base_10_be20_tp15_30,2026-03-13,287.9873949298193,0.9599579830993976,3262.614294630817,0.0,3
1d,base_10_be20_tp15_30,2026-04-14,344.93145520910423,0.8623286380227606,3607.545749839921,0.0,4
1d,base_10_be20_tp15_30,2026-04-30,201.65809403050284,0.6721936467683428,3809.203843870424,0.0,3
1d,base_10_be20_tp15_30,2026-05-22,557.2648347676679,1.114529669535336,4366.468678638092,0.0,5
1d,defensive_7p5_be10_tp10_20,2024-01-04,159.1223113049101,0.5304077043497004,159.1223113049101,0.0,3
1d,defensive_7p5_be10_tp10_20,2024-04-03,225.26445523150193,1.1263222761575096,384.38676653641204,0.0,2
1d,defensive_7p5_be10_tp10_20,2024-07-01,171.6893555766108,0.572297851922036,556.0761221130228,0.0,3
1d,defensive_7p5_be10_tp10_20,2024-10-03,37.80082238435705,0.18900411192178523,593.8769444973799,0.0,2
1d,defensive_7p5_be10_tp10_20,2025-01-02,303.10547620751043,1.5155273810375522,896.9824207048903,0.0,2
1d,defensive_7p5_be10_tp10_20,2025-03-04,565.5084000272927,1.8850280000909758,1462.490820732183,0.0,3
1d,defensive_7p5_be10_tp10_20,2025-04-03,779.6484394506867,1.5592968789013735,2242.1392601828697,0.0,5
1d,defensive_7p5_be10_tp10_20,2025-05-07,-155.70129058221812,-0.25950215097036355,2086.4379696006517,-155.701290582218,6
1d,defensive_7p5_be10_tp10_20,2025-06-05,108.8025525525525,1.088025525525525,2195.2405221532044,-46.89873802966531,1
1d,defensive_7p5_be10_tp10_20,2025-10-09,-69.76744186046501,-0.6976744186046502,2125.4730802927393,-116.66617989013048,1
1d,defensive_7p5_be10_tp10_20,2025-12-01,-69.76744186046513,-0.6976744186046513,2055.705638432274,-186.43362175059565,1
1d,defensive_7p5_be10_tp10_20,2026-01-02,-69.76744186046513,-0.6976744186046513,1985.938196571809,-256.2010636110608,1
1d,defensive_7p5_be10_tp10_20,2026-03-06,862.7453351823928,1.078431668977991,2848.683531754202,0.0,8
1d,defensive_7p5_be10_tp10_20,2026-03-13,135.66388398631523,0.45221294662105077,2984.347415740517,0.0,3
1d,defensive_7p5_be10_tp10_20,2026-04-14,333.74147157456423,0.8343536789364105,3318.0888873150816,0.0,4
1d,defensive_7p5_be10_tp10_20,2026-04-30,180.98318638628575,0.6032772879542858,3499.072073701367,0.0,3
1d,defensive_7p5_be10_tp10_20,2026-05-22,498.25357461646536,0.9965071492329307,3997.3256483178325,0.0,5
1d,runner_only_10_no_be,2024-01-04,124.13062863816116,0.41376876212720387,124.13062863816116,0.0,3
1d,runner_only_10_no_be,2024-04-03,227.29261057102178,1.136463052855109,351.42323920918295,0.0,2
1d,runner_only_10_no_be,2024-07-01,171.6893555766108,0.572297851922036,523.1125947857938,0.0,3
1d,runner_only_10_no_be,2024-10-03,14.297275424871913,0.07148637712435957,537.4098702106658,0.0,2
1d,runner_only_10_no_be,2025-01-02,682.9743364840962,3.414871682420481,1220.3842066947618,0.0,2
1d,runner_only_10_no_be,2025-03-04,690.5835556465314,2.301945185488438,1910.967762341293,0.0,3
1d,runner_only_10_no_be,2025-04-03,836.2309177786485,1.672461835557297,2747.198680119942,0.0,5
1d,runner_only_10_no_be,2025-05-07,-249.29566455449947,-0.4154927742574991,2497.9030155654423,-249.29566455449958,6
1d,runner_only_10_no_be,2025-06-05,107.26351351351337,1.0726351351351338,2605.1665290789556,-142.03215104098626,1
1d,runner_only_10_no_be,2025-10-09,-90.90909090909093,-0.9090909090909094,2514.2574381698646,-232.94124195007726,1
1d,runner_only_10_no_be,2025-12-01,-90.90909090909093,-0.9090909090909094,2423.3483472607736,-323.85033285916825,1
1d,runner_only_10_no_be,2026-01-02,-47.05882352941182,-0.4705882352941182,2376.289523731362,-370.90915638857996,1
1d,runner_only_10_no_be,2026-03-06,954.2058514189123,1.1927573142736403,3330.4953751502744,0.0,8
1d,runner_only_10_no_be,2026-03-13,287.9873949298193,0.9599579830993976,3618.482770080094,0.0,3
1d,runner_only_10_no_be,2026-04-14,344.5090011349827,0.8612725028374568,3962.9917712150764,0.0,4
1d,runner_only_10_no_be,2026-04-30,175.87621606192403,0.5862540535397468,4138.867987277001,0.0,3
1d,runner_only_10_no_be,2026-05-22,554.1829202088173,1.1083658404176346,4693.050907485818,0.0,5
30d,aggressive_10_be20_tp20_50,2024-01-04,-106.81818181818198,-0.35606060606060663,-106.81818181818198,-106.81818181818198,3
30d,aggressive_10_be20_tp20_50,2024-04-03,1105.3994011655884,5.526997005827942,998.5812193474064,0.0,2
30d,aggressive_10_be20_tp20_50,2024-07-01,224.99999999999994,0.7499999999999998,1223.5812193474064,0.0,3
30d,aggressive_10_be20_tp20_50,2024-10-03,-181.81818181818198,-0.90909090909091,1041.7630375292244,-181.81818181818198,2
30d,aggressive_10_be20_tp20_50,2025-01-02,1395.810514786418,6.9790525739320906,2437.5735523156427,0.0,2
30d,aggressive_10_be20_tp20_50,2025-03-04,1523.7380773764871,5.079126924588291,3961.31162969213,0.0,3
30d,aggressive_10_be20_tp20_50,2025-04-03,775.0,1.55,4736.31162969213,0.0,5
30d,aggressive_10_be20_tp20_50,2025-05-07,-379.5454545454549,-0.6325757575757581,4356.766175146675,-379.54545454545496,6
30d,aggressive_10_be20_tp20_50,2025-06-05,568.3680104031209,5.683680104031209,4925.134185549796,0.0,1
30d,aggressive_10_be20_tp20_50,2025-10-09,-90.90909090909093,-0.9090909090909094,4834.225094640705,-90.90909090909099,1
30d,aggressive_10_be20_tp20_50,2025-12-01,-90.90909090909093,-0.9090909090909094,4743.316003731614,-181.81818181818198,1
30d,aggressive_10_be20_tp20_50,2026-01-02,-90.90909090909105,-0.9090909090909105,4652.406912822523,-272.727272727273,1
30d,aggressive_10_be20_tp20_50,2026-03-06,319.63557870957493,0.39954447338696863,4972.042491532098,0.0,8
30d,aggressive_10_be20_tp20_50,2026-03-13,1418.3189655172414,4.727729885057471,6390.361457049339,0.0,3
30d,aggressive_10_be20_tp20_50,2026-04-14,23.239621650026407,0.05809905412506602,6413.601078699366,0.0,4
30d,aggressive_10_be20_tp20_50,2026-04-30,175.87621606192403,0.5862540535397468,6589.47729476129,0.0,3
30d,aggressive_10_be20_tp20_50,2026-05-22,1076.2743388910246,2.152548677782049,7665.751633652315,0.0,5
30d,balanced_10_be15_tp10_30,2024-01-04,-24.24242424242442,-0.0808080808080814,-24.24242424242442,-24.24242424242442,3
30d,balanced_10_be15_tp10_30,2024-04-03,471.3759951930298,2.356879975965149,447.13357095060536,0.0,2
30d,balanced_10_be15_tp10_30,2024-07-01,442.8571428571428,1.4761904761904758,889.9907138077481,0.0,3
30d,balanced_10_be15_tp10_30,2024-10-03,-57.575757575757585,-0.2878787878787879,832.4149562319905,-57.57575757575762,2
30d,balanced_10_be15_tp10_30,2025-01-02,1125.5724195483228,5.627862097741614,1957.9873757803134,0.0,2
30d,balanced_10_be15_tp10_30,2025-03-04,1193.6689529525238,3.978896509841746,3151.656328732837,0.0,3
30d,balanced_10_be15_tp10_30,2025-04-03,509.52380952380963,1.0190476190476192,3661.180138256647,0.0,5
30d,balanced_10_be15_tp10_30,2025-05-07,-421.21212121212153,-0.7020202020202025,3239.9680170445254,-421.2121212121215,6
30d,balanced_10_be15_tp10_30,2025-06-05,416.2053377918137,4.162053377918137,3656.173354836339,-5.006783420307784,1
30d,balanced_10_be15_tp10_30,2025-10-09,-90.90909090909093,-0.9090909090909094,3565.264263927248,-95.91587432939878,1
30d,balanced_10_be15_tp10_30,2025-12-01,-90.90909090909093,-0.9090909090909094,3474.355173018157,-186.82496523848977,1
30d,balanced_10_be15_tp10_30,2026-01-02,-90.90909090909105,-0.9090909090909105,3383.446082109066,-277.73405614758076,1
30d,balanced_10_be15_tp10_30,2026-03-06,714.2395835647959,0.8927994794559949,4097.685665673862,0.0,8
30d,balanced_10_be15_tp10_30,2026-03-13,1125.708128078818,3.752360426929393,5223.39379375268,0.0,3
30d,balanced_10_be15_tp10_30,2026-04-14,-24.111052723769525,-0.06027763180942381,5199.28274102891,-24.111052723769717,4
30d,balanced_10_be15_tp10_30,2026-04-30,179.70644380519533,0.5990214793506511,5378.989184834106,0.0,3
30d,balanced_10_be15_tp10_30,2026-05-22,1084.7452794381447,2.1694905588762894,6463.734464272251,0.0,5
30d,base_10_be20_tp15_30,2024-01-04,-35.347593582887825,-0.11782531194295942,-35.347593582887825,-35.347593582887825,3
30d,base_10_be20_tp15_30,2024-04-03,820.1702162552451,4.100851081276225,784.8226226723573,0.0,2
30d,base_10_be20_tp15_30,2024-07-01,457.5630252100841,1.5252100840336136,1242.3856478824414,0.0,3
30d,base_10_be20_tp15_30,2024-10-03,-93.58288770053485,-0.4679144385026743,1148.8027601819065,-93.58288770053491,2
30d,base_10_be20_tp15_30,2025-01-02,1255.3703277587042,6.276851638793521,2404.1730879406105,0.0,2
30d,base_10_be20_tp15_30,2025-03-04,1255.625933794373,4.185419779314577,3659.7990217349834,0.0,3
30d,base_10_be20_tp15_30,2025-04-03,574.0336134453783,1.1480672268907566,4233.832635180362,0.0,5
30d,base_10_be20_tp15_30,2025-05-07,-396.31016042780783,-0.6605169340463464,3837.522474752554,-396.31016042780766,6
30d,base_10_be20_tp15_30,2025-06-05,439.2997563134486,4.392997563134486,4276.822231066002,0.0,1
30d,base_10_be20_tp15_30,2025-10-09,-90.90909090909093,-0.9090909090909094,4185.913140156911,-90.90909090909099,1
30d,base_10_be20_tp15_30,2025-12-01,-90.90909090909093,-0.9090909090909094,4095.00404924782,-181.81818181818198,1
30d,base_10_be20_tp15_30,2026-01-02,-90.90909090909105,-0.9090909090909105,4004.094958338729,-272.727272727273,1
30d,base_10_be20_tp15_30,2026-03-06,567.4196115420174,0.7092745144275218,4571.514569880746,0.0,8
30d,base_10_be20_tp15_30,2026-03-13,1178.6036656041726,3.9286788853472423,5750.118235484919,0.0,3
30d,base_10_be20_tp15_30,2026-04-14,6.47491576767348,0.0161872894191837,5756.593151252592,0.0,4
30d,base_10_be20_tp15_30,2026-04-30,201.65809403050284,0.6721936467683428,5958.251245283095,0.0,3
30d,base_10_be20_tp15_30,2026-05-22,1083.9497514644106,2.167899502928821,7042.200996747506,0.0,5
30d,defensive_7p5_be10_tp10_20,2024-01-04,94.12144702842372,0.31373815676141237,94.12144702842372,0.0,3
30d,defensive_7p5_be10_tp10_20,2024-04-03,397.1696459866806,1.985848229933403,491.29109301510437,0.0,2
30d,defensive_7p5_be10_tp10_20,2024-07-01,358.33333333333314,1.1944444444444438,849.6244263484375,0.0,3
30d,defensive_7p5_be10_tp10_20,2024-10-03,-25.322997416020662,-0.12661498708010333,824.3014289324168,-25.322997416020712,2
30d,defensive_7p5_be10_tp10_20,2025-01-02,1061.3966082794884,5.306983041397442,1885.698037211905,0.0,2
30d,defensive_7p5_be10_tp10_20,2025-03-04,937.716572000143,3.125721906667143,2823.414609212048,0.0,3
30d,defensive_7p5_be10_tp10_20,2025-04-03,597.2222222222222,1.1944444444444444,3420.6368314342703,0.0,5
30d,defensive_7p5_be10_tp10_20,2025-05-07,-229.39276485788105,-0.3823212747631351,3191.2440665763893,-229.39276485788105,6
30d,defensive_7p5_be10_tp10_20,2025-06-05,330.88787747435344,3.3088787747435346,3522.1319440507427,0.0,1
30d,defensive_7p5_be10_tp10_20,2025-10-09,-69.76744186046501,-0.6976744186046502,3452.3645021902776,-69.76744186046517,1
30d,defensive_7p5_be10_tp10_20,2025-12-01,-69.76744186046513,-0.6976744186046513,3382.5970603298124,-139.53488372093034,1
30d,defensive_7p5_be10_tp10_20,2026-01-02,-69.76744186046513,-0.6976744186046513,3312.829618469347,-209.3023255813955,1
30d,defensive_7p5_be10_tp10_20,2026-03-06,379.05553365742566,0.47381941707178205,3691.885152126773,0.0,8
30d,defensive_7p5_be10_tp10_20,2026-03-13,343.04386082152723,1.1434795360717573,4034.9290129483,0.0,3
30d,defensive_7p5_be10_tp10_20,2026-04-14,102.38868724888357,0.2559717181222089,4137.3177001971835,0.0,4
30d,defensive_7p5_be10_tp10_20,2026-04-30,180.98318638628575,0.6032772879542858,4318.300886583469,0.0,3
30d,defensive_7p5_be10_tp10_20,2026-05-22,725.6921232919656,1.451384246583931,5043.993009875435,0.0,5
30d,runner_only_10_no_be,2024-01-04,-36.620184549178816,-0.12206728183059605,-36.620184549178816,-36.620184549178816,3
30d,runner_only_10_no_be,2024-04-03,1237.77201518473,6.18886007592365,1201.151830635551,0.0,2
30d,runner_only_10_no_be,2024-07-01,-7.426213900349026,-0.024754046334496755,1193.725616735202,-7.426213900349012,3
30d,runner_only_10_no_be,2024-10-03,-181.81818181818198,-0.90909090909091,1011.90743491702,-189.244395718531,2
30d,runner_only_10_no_be,2025-01-02,3281.4895947426066,16.407447973713033,4293.397029659627,0.0,2
30d,runner_only_10_no_be,2025-03-04,1840.368371313608,6.134561237712027,6133.765400973235,0.0,3
30d,runner_only_10_no_be,2025-04-03,-454.545454545455,-0.9090909090909101,5679.21994642778,-454.54545454545496,5
30d,runner_only_10_no_be,2025-05-07,-545.454545454546,-0.90909090909091,5133.765400973234,-1000.0000000000009,6
30d,runner_only_10_no_be,2025-06-05,704.8114434330299,7.048114434330299,5838.576844406264,-295.1885565669709,1
30d,runner_only_10_no_be,2025-10-09,-90.90909090909093,-0.9090909090909094,5747.667753497173,-386.09764747606187,1
30d,runner_only_10_no_be,2025-12-01,-90.90909090909093,-0.9090909090909094,5656.758662588082,-477.00673838515286,1
30d,runner_only_10_no_be,2026-01-02,-90.90909090909105,-0.9090909090909105,5565.849571678991,-567.9158292942438,1
30d,runner_only_10_no_be,2026-03-06,329.99887867601655,0.4124985983450207,5895.848450355008,-237.91695061822702,8
30d,runner_only_10_no_be,2026-03-13,1613.832288401254,5.379440961337513,7509.680738756262,0.0,3
30d,runner_only_10_no_be,2026-04-14,-142.66946925906453,-0.3566736731476613,7367.011269497198,-142.6694692590645,4
30d,runner_only_10_no_be,2026-04-30,175.87621606192403,0.5862540535397468,7542.887485559122,0.0,3
30d,runner_only_10_no_be,2026-05-22,1139.1581464676972,2.2783162929353944,8682.045632026819,0.0,5
3d,aggressive_10_be20_tp20_50,2024-01-04,146.22886788879143,0.48742955962930473,146.22886788879143,0.0,3
3d,aggressive_10_be20_tp20_50,2024-04-03,407.4184713371827,2.0370923566859136,553.6473392259742,0.0,2
3d,aggressive_10_be20_tp20_50,2024-07-01,594.8962343486808,1.982987447828936,1148.543573574655,0.0,3
3d,aggressive_10_be20_tp20_50,2024-10-03,45.56802420880092,0.2278401210440046,1194.111597783456,0.0,2
3d,aggressive_10_be20_tp20_50,2025-01-02,633.4487072560466,3.167243536280233,1827.5603050395027,0.0,2
3d,aggressive_10_be20_tp20_50,2025-03-04,960.0085111260444,3.200028370420148,2787.568816165547,0.0,3
3d,aggressive_10_be20_tp20_50,2025-04-03,776.6812865497077,1.5533625730994154,3564.250102715255,0.0,5
3d,aggressive_10_be20_tp20_50,2025-05-07,-379.5454545454549,-0.6325757575757581,3184.7046481698,-379.54545454545496,6
3d,aggressive_10_be20_tp20_50,2025-06-05,111.01694915254234,1.1101694915254234,3295.721597322342,-268.52850539291285,1
3d,aggressive_10_be20_tp20_50,2025-10-09,-90.90909090909093,-0.9090909090909094,3204.812506413251,-359.43759630200384,1
3d,aggressive_10_be20_tp20_50,2025-12-01,-90.90909090909093,-0.9090909090909094,3113.90341550416,-450.34668721109483,1
3d,aggressive_10_be20_tp20_50,2026-01-02,-90.90909090909105,-0.9090909090909105,3022.994324595069,-541.2557781201858,1
3d,aggressive_10_be20_tp20_50,2026-03-06,320.5273643049635,0.40065920538120436,3343.5216889000326,-220.7284138152222,8
3d,aggressive_10_be20_tp20_50,2026-03-13,252.76922025486815,0.8425640675162271,3596.290909154901,0.0,3
3d,aggressive_10_be20_tp20_50,2026-04-14,257.9986214508683,0.6449965536271708,3854.289530605769,0.0,4
3d,aggressive_10_be20_tp20_50,2026-04-30,175.87621606192403,0.5862540535397468,4030.165746667693,0.0,3
3d,aggressive_10_be20_tp20_50,2026-05-22,690.7416641833724,1.381483328366745,4720.907410851065,0.0,5
3d,balanced_10_be15_tp10_30,2024-01-04,167.29610495805144,0.5576536831935048,167.29610495805144,0.0,3
3d,balanced_10_be15_tp10_30,2024-04-03,355.6299885021883,1.7781499425109417,522.9260934602398,0.0,2
3d,balanced_10_be15_tp10_30,2024-07-01,516.2878953533743,1.7209596511779144,1039.2139888136142,0.0,3
3d,balanced_10_be15_tp10_30,2024-10-03,37.9582230067667,0.1897911150338335,1077.1722118203809,0.0,2
3d,balanced_10_be15_tp10_30,2025-01-02,363.21061201795135,1.8160530600897566,1440.3828238383321,0.0,2
3d,balanced_10_be15_tp10_30,2025-03-04,850.2798773144411,2.8342662577148037,2290.6627011527735,0.0,3
3d,balanced_10_be15_tp10_30,2025-04-03,589.7765246449458,1.1795530492898916,2880.4392257977192,0.0,5
3d,balanced_10_be15_tp10_30,2025-05-07,-421.21212121212153,-0.7020202020202025,2459.2271045855978,-421.2121212121215,6
3d,balanced_10_be15_tp10_30,2025-06-05,111.045197740113,1.1104519774011299,2570.272302325711,-310.1669234720084,1
3d,balanced_10_be15_tp10_30,2025-10-09,-90.90909090909093,-0.9090909090909094,2479.36321141662,-401.0760143810994,1
3d,balanced_10_be15_tp10_30,2025-12-01,-90.90909090909093,-0.9090909090909094,2388.454120507529,-491.9851052901904,1
3d,balanced_10_be15_tp10_30,2026-01-02,-90.90909090909105,-0.9090909090909105,2297.545029598438,-582.8941961992814,1
3d,balanced_10_be15_tp10_30,2026-03-06,560.4937396486976,0.7006171745608719,2858.0387692471354,-22.40045655058384,8
3d,balanced_10_be15_tp10_30,2026-03-13,276.9384541784077,0.9231281805946924,3134.9772234255433,0.0,3
3d,balanced_10_be15_tp10_30,2026-04-14,210.64794707707242,0.526619867692681,3345.6251705026157,0.0,4
3d,balanced_10_be15_tp10_30,2026-04-30,179.70644380519533,0.5990214793506511,3525.331614307811,0.0,3
3d,balanced_10_be15_tp10_30,2026-05-22,634.352498261694,1.268704996523388,4159.684112569505,0.0,5
3d,base_10_be20_tp15_30,2024-01-04,146.22886788879143,0.48742955962930473,146.22886788879143,0.0,3
3d,base_10_be20_tp15_30,2024-04-03,393.0497677064362,1.9652488385321811,539.2786355952277,0.0,2
3d,base_10_be20_tp15_30,2024-07-01,563.2480605512596,1.8774935351708655,1102.5266961464872,0.0,3
3d,base_10_be20_tp15_30,2024-10-03,58.765870337543674,0.2938293516877184,1161.2925664840309,0.0,2
3d,base_10_be20_tp15_30,2025-01-02,391.36027922428343,1.9568013961214172,1552.6528457083143,0.0,2
3d,base_10_be20_tp15_30,2025-03-04,890.812905821868,2.96937635273956,2443.4657515301824,0.0,3
3d,base_10_be20_tp15_30,2025-04-03,693.3214162858126,1.3866428325716251,3136.787167815995,0.0,5
3d,base_10_be20_tp15_30,2025-05-07,-396.31016042780783,-0.6605169340463464,2740.4770073881873,-396.31016042780766,6
3d,base_10_be20_tp15_30,2025-06-05,111.01694915254234,1.1101694915254234,2851.4939565407294,-285.29321127526555,1
3d,base_10_be20_tp15_30,2025-10-09,-90.90909090909093,-0.9090909090909094,2760.5848656316384,-376.20230218435654,1
3d,base_10_be20_tp15_30,2025-12-01,-90.90909090909093,-0.9090909090909094,2669.6757747225474,-467.11139309344753,1
3d,base_10_be20_tp15_30,2026-01-02,-90.90909090909105,-0.9090909090909105,2578.7666838134564,-558.0204840025385,1
3d,base_10_be20_tp15_30,2026-03-06,583.3109777503419,0.7291387221879273,3162.0776615637983,0.0,8
3d,base_10_be20_tp15_30,2026-03-13,252.76922025486815,0.8425640675162271,3414.8468818186666,0.0,3
3d,base_10_be20_tp15_30,2026-04-14,240.89683691683,0.602242092292075,3655.7437187354967,0.0,4
3d,base_10_be20_tp15_30,2026-04-30,201.65809403050284,0.6721936467683428,3857.4018127659997,0.0,3
3d,base_10_be20_tp15_30,2026-05-22,704.2147262898109,1.4084294525796217,4561.616539055811,0.0,5
3d,defensive_7p5_be10_tp10_20,2024-01-04,174.31851731447142,0.5810617243815714,174.31851731447142,0.0,3
3d,defensive_7p5_be10_tp10_20,2024-04-03,331.18546203434494,1.6559273101717247,505.50397934881636,0.0,2
3d,defensive_7p5_be10_tp10_20,2024-07-01,490.35077033722854,1.6345025677907619,995.8547496860449,0.0,3
3d,defensive_7p5_be10_tp10_20,2024-10-03,56.563271654714455,0.28281635827357227,1052.4180213407594,0.0,2
3d,defensive_7p5_be10_tp10_20,2025-01-02,299.03480074911687,1.4951740037455843,1351.4528220898762,0.0,2
3d,defensive_7p5_be10_tp10_20,2025-03-04,673.3369809587809,2.2444566031959363,2024.7898030486572,0.0,3
3d,defensive_7p5_be10_tp10_20,2025-04-03,769.3713450292398,1.5387426900584797,2794.161148077897,0.0,5
3d,defensive_7p5_be10_tp10_20,2025-05-07,-229.39276485788105,-0.3823212747631351,2564.768383220016,-229.39276485788105,6
3d,defensive_7p5_be10_tp10_20,2025-06-05,111.05461393596988,1.110546139359699,2675.822997155986,-118.33815092191116,1
3d,defensive_7p5_be10_tp10_20,2025-10-09,-69.76744186046501,-0.6976744186046502,2606.0555552955207,-188.10559278237633,1
3d,defensive_7p5_be10_tp10_20,2025-12-01,-69.76744186046513,-0.6976744186046513,2536.2881134350555,-257.8730346428415,1
3d,defensive_7p5_be10_tp10_20,2026-01-02,-69.76744186046513,-0.6976744186046513,2466.5206715745903,-327.6404765033067,1
3d,defensive_7p5_be10_tp10_20,2026-03-06,487.81784497010483,0.609772306212631,2954.3385165446953,0.0,8
3d,defensive_7p5_be10_tp10_20,2026-03-13,83.26747049648107,0.2775582349882702,3037.6059870411764,0.0,3
3d,defensive_7p5_be10_tp10_20,2026-04-14,290.37000693000186,0.7259250173250047,3327.9759939711785,0.0,4
3d,defensive_7p5_be10_tp10_20,2026-04-30,180.98318638628575,0.6032772879542858,3508.959180357464,0.0,3
3d,defensive_7p5_be10_tp10_20,2026-05-22,415.04980707257033,0.8300996141451407,3924.0089874300343,0.0,5
3d,runner_only_10_no_be,2024-01-04,146.22886788879143,0.48742955962930473,146.22886788879143,0.0,3
3d,runner_only_10_no_be,2024-04-03,412.80474547931664,2.064023727396583,559.033613368108,0.0,2
3d,runner_only_10_no_be,2024-07-01,594.6969933619635,1.9823233112065448,1153.7306067300715,0.0,3
3d,runner_only_10_no_be,2024-10-03,45.56802420880092,0.2278401210440046,1199.2986309388725,0.0,2
3d,runner_only_10_no_be,2025-01-02,740.2835696413679,3.701417848206839,1939.5822005802404,0.0,2
3d,runner_only_10_no_be,2025-03-04,1050.0121587514918,3.500040529171639,2989.5943593317324,0.0,3
3d,runner_only_10_no_be,2025-04-03,1014.9108381550034,2.0298216763100068,4004.5051974867356,0.0,5
3d,runner_only_10_no_be,2025-05-07,-545.454545454546,-0.90909090909091,3459.0506520321896,-545.454545454546,6
3d,runner_only_10_no_be,2025-06-05,111.01694915254234,1.1101694915254234,3570.0676011847318,-434.43759630200384,1
3d,runner_only_10_no_be,2025-10-09,-90.90909090909093,-0.9090909090909094,3479.1585102756408,-525.3466872110948,1
3d,runner_only_10_no_be,2025-12-01,-90.90909090909093,-0.9090909090909094,3388.24941936655,-616.2557781201858,1
3d,runner_only_10_no_be,2026-01-02,-90.90909090909105,-0.9090909090909105,3297.340328457459,-707.1648690292768,1
3d,runner_only_10_no_be,2026-03-06,320.5273643049635,0.40065920538120436,3617.8676927624224,-386.6375047243132,8
3d,runner_only_10_no_be,2026-03-13,252.76922025486815,0.8425640675162271,3870.6369130172907,-133.86828446944492,3
3d,runner_only_10_no_be,2026-04-14,186.36940796772225,0.46592351991930564,4057.0063209850127,0.0,4
3d,runner_only_10_no_be,2026-04-30,175.87621606192403,0.5862540535397468,4232.882537046937,0.0,3
3d,runner_only_10_no_be,2026-05-22,690.7416641833724,1.381483328366745,4923.624201230309,0.0,5
60d,aggressive_10_be20_tp20_50,2024-01-04,-106.81818181818198,-0.35606060606060663,-106.81818181818198,-106.81818181818198,3
60d,aggressive_10_be20_tp20_50,2024-04-03,998.0847932699418,4.9904239663497085,891.2666114517598,0.0,2
60d,aggressive_10_be20_tp20_50,2024-07-01,224.99999999999994,0.7499999999999998,1116.2666114517597,0.0,3
60d,aggressive_10_be20_tp20_50,2024-10-03,-181.81818181818198,-0.90909090909091,934.4484296335777,-181.81818181818198,2
60d,aggressive_10_be20_tp20_50,2025-01-02,1715.6985385187018,8.578492692593509,2650.1469681522794,0.0,2
60d,aggressive_10_be20_tp20_50,2025-03-04,2050.229357798165,6.834097859327216,4700.376325950445,0.0,3
60d,aggressive_10_be20_tp20_50,2025-04-03,775.0,1.55,5475.376325950445,0.0,5
60d,aggressive_10_be20_tp20_50,2025-05-07,-379.5454545454549,-0.6325757575757581,5095.83087140499,-379.54545454545496,6
60d,aggressive_10_be20_tp20_50,2025-06-05,75.0,0.75,5170.83087140499,-304.54545454545496,1
60d,aggressive_10_be20_tp20_50,2025-10-09,-90.90909090909093,-0.9090909090909094,5079.921780495899,-395.45454545454595,1
60d,aggressive_10_be20_tp20_50,2025-12-01,-90.90909090909093,-0.9090909090909094,4989.012689586808,-486.36363636363694,1
60d,aggressive_10_be20_tp20_50,2026-01-02,-90.90909090909105,-0.9090909090909105,4898.103598677717,-577.2727272727279,1
60d,aggressive_10_be20_tp20_50,2026-03-06,173.30789509375575,0.21663486886719469,5071.411493771473,-403.96483217897185,8
60d,aggressive_10_be20_tp20_50,2026-03-13,1418.3189655172414,4.727729885057471,6489.730459288714,0.0,3
60d,aggressive_10_be20_tp20_50,2026-04-14,23.239621650026407,0.05809905412506602,6512.9700809387405,0.0,4
60d,aggressive_10_be20_tp20_50,2026-04-30,175.87621606192403,0.5862540535397468,6688.846297000665,0.0,3
60d,aggressive_10_be20_tp20_50,2026-05-22,1076.2743388910246,2.152548677782049,7765.12063589169,0.0,5
60d,balanced_10_be15_tp10_30,2024-01-04,-24.24242424242442,-0.0808080808080814,-24.24242424242442,-24.24242424242442,3
60d,balanced_10_be15_tp10_30,2024-04-03,375.199310493428,1.87599655246714,350.9568862510036,0.0,2
60d,balanced_10_be15_tp10_30,2024-07-01,442.8571428571428,1.4761904761904758,793.8140291081463,0.0,3
60d,balanced_10_be15_tp10_30,2024-10-03,-57.575757575757585,-0.2878787878787879,736.2382715323887,-57.57575757575762,2
60d,balanced_10_be15_tp10_30,2025-01-02,1445.4604432806066,7.227302216403033,2181.698714812995,0.0,2
60d,balanced_10_be15_tp10_30,2025-03-04,1639.5150720838794,5.465050240279598,3821.213786896875,0.0,3
60d,balanced_10_be15_tp10_30,2025-04-03,509.52380952380963,1.0190476190476192,4330.737596420684,0.0,5
60d,balanced_10_be15_tp10_30,2025-05-07,-421.21212121212153,-0.7020202020202025,3909.5254752085625,-421.2121212121215,6
60d,balanced_10_be15_tp10_30,2025-06-05,204.7619047619048,2.047619047619048,4114.287379970468,-216.45021645021643,1
60d,balanced_10_be15_tp10_30,2025-10-09,-90.90909090909093,-0.9090909090909094,4023.3782890613766,-307.3593073593074,1
60d,balanced_10_be15_tp10_30,2025-12-01,-90.90909090909093,-0.9090909090909094,3932.4691981522856,-398.2683982683984,1
60d,balanced_10_be15_tp10_30,2026-01-02,-90.90909090909105,-0.9090909090909105,3841.5601072431946,-489.1774891774894,1
60d,balanced_10_be15_tp10_30,2026-03-06,567.9118999489767,0.7098898749362209,4409.472007192171,0.0,8
60d,balanced_10_be15_tp10_30,2026-03-13,1125.708128078818,3.752360426929393,5535.180135270989,0.0,3
60d,balanced_10_be15_tp10_30,2026-04-14,-24.111052723769525,-0.06027763180942381,5511.069082547219,-24.111052723769717,4
60d,balanced_10_be15_tp10_30,2026-04-30,179.70644380519533,0.5990214793506511,5690.775526352415,0.0,3
60d,balanced_10_be15_tp10_30,2026-05-22,1084.7452794381447,2.1694905588762894,6775.52080579056,0.0,5
60d,base_10_be20_tp15_30,2024-01-04,-35.347593582887825,-0.11782531194295942,-35.347593582887825,-35.347593582887825,3
60d,base_10_be20_tp15_30,2024-04-03,705.7601251861888,3.528800625930944,670.412531603301,0.0,2
60d,base_10_be20_tp15_30,2024-07-01,457.5630252100841,1.5252100840336136,1127.975556813385,0.0,3
60d,base_10_be20_tp15_30,2024-10-03,-93.58288770053485,-0.4679144385026743,1034.3926691128502,-93.58288770053491,2
60d,base_10_be20_tp15_30,2025-01-02,1617.9100879886255,8.089550439943128,2652.3027571014754,0.0,2
60d,base_10_be20_tp15_30,2025-03-04,1760.918202143242,5.869727340477474,4413.220959244718,0.0,3
60d,base_10_be20_tp15_30,2025-04-03,574.0336134453783,1.1480672268907566,4987.254572690096,0.0,5
60d,base_10_be20_tp15_30,2025-05-07,-396.31016042780783,-0.6605169340463464,4590.944412262288,-396.3101604278081,6
60d,base_10_be20_tp15_30,2025-06-05,199.66386554621852,1.996638655462185,4790.6082778085065,-196.6462948815897,1
60d,base_10_be20_tp15_30,2025-10-09,-90.90909090909093,-0.9090909090909094,4699.6991868994155,-287.5553857906807,1
60d,base_10_be20_tp15_30,2025-12-01,-90.90909090909093,-0.9090909090909094,4608.7900959903245,-378.4644766997717,1
60d,base_10_be20_tp15_30,2026-01-02,-90.90909090909105,-0.9090909090909105,4517.8810050812335,-469.3735676088627,1
60d,base_10_be20_tp15_30,2026-03-06,427.3631143668762,0.5342038929585953,4945.24411944811,-42.0104532419864,8
60d,base_10_be20_tp15_30,2026-03-13,1178.6036656041726,3.9286788853472423,6123.847785052282,0.0,3
60d,base_10_be20_tp15_30,2026-04-14,6.47491576767348,0.0161872894191837,6130.322700819956,0.0,4
60d,base_10_be20_tp15_30,2026-04-30,201.65809403050284,0.6721936467683428,6331.980794850459,0.0,3
60d,base_10_be20_tp15_30,2026-05-22,1083.9497514644106,2.167899502928821,7415.930546314869,0.0,5
60d,defensive_7p5_be10_tp10_20,2024-01-04,94.12144702842372,0.31373815676141237,94.12144702842372,0.0,3
60d,defensive_7p5_be10_tp10_20,2024-04-03,300.99296128707874,1.5049648064353938,395.1144083155025,0.0,2
60d,defensive_7p5_be10_tp10_20,2024-07-01,358.33333333333314,1.1944444444444438,753.4477416488356,0.0,3
60d,defensive_7p5_be10_tp10_20,2024-10-03,-25.322997416020662,-0.12661498708010333,728.1247442328149,-25.322997416020712,2
60d,defensive_7p5_be10_tp10_20,2025-01-02,1381.2846320117721,6.906423160058861,2109.4093762445873,0.0,2
60d,defensive_7p5_be10_tp10_20,2025-03-04,1383.562691131498,4.611875637104993,3492.9720673760853,0.0,3
60d,defensive_7p5_be10_tp10_20,2025-04-03,597.2222222222222,1.1944444444444444,4090.1942895983075,0.0,5
60d,defensive_7p5_be10_tp10_20,2025-05-07,-229.39276485788105,-0.3823212747631351,3860.8015247404264,-229.39276485788105,6
60d,defensive_7p5_be10_tp10_20,2025-06-05,119.44444444444446,1.1944444444444446,3980.245969184871,-109.9483204134367,1
60d,defensive_7p5_be10_tp10_20,2025-10-09,-69.76744186046501,-0.6976744186046502,3910.4785273244056,-179.71576227390187,1
60d,defensive_7p5_be10_tp10_20,2025-12-01,-69.76744186046513,-0.6976744186046513,3840.7110854639404,-249.48320413436704,1
60d,defensive_7p5_be10_tp10_20,2026-01-02,-69.76744186046513,-0.6976744186046513,3770.9436436034753,-319.2506459948322,1
60d,defensive_7p5_be10_tp10_20,2026-03-06,316.343669250646,0.39542958656330746,4087.2873128541214,-2.9069767441860677,8
60d,defensive_7p5_be10_tp10_20,2026-03-13,343.04386082152723,1.1434795360717573,4430.331173675649,0.0,3
60d,defensive_7p5_be10_tp10_20,2026-04-14,102.38868724888357,0.2559717181222089,4532.719860924532,0.0,4
60d,defensive_7p5_be10_tp10_20,2026-04-30,180.98318638628575,0.6032772879542858,4713.703047310818,0.0,3
60d,defensive_7p5_be10_tp10_20,2026-05-22,725.6921232919656,1.451384246583931,5439.395170602784,0.0,5
60d,runner_only_10_no_be,2024-01-04,-272.7272727272729,-0.9090909090909097,-272.7272727272729,-272.7272727272729,3
60d,runner_only_10_no_be,2024-04-03,901.2717473345647,4.506358736672824,628.5444746072917,0.0,2
60d,runner_only_10_no_be,2024-07-01,711.5644643892697,2.3718815479642323,1340.1089389965614,0.0,3
60d,runner_only_10_no_be,2024-10-03,-181.81818181818198,-0.90909090909091,1158.2907571783794,-181.81818181818198,2
60d,runner_only_10_no_be,2025-01-02,4347.783007183552,21.738915035917763,5506.073764361932,0.0,2
60d,runner_only_10_no_be,2025-03-04,3235.613010842368,10.785376702807893,8741.6867752043,0.0,3
60d,runner_only_10_no_be,2025-04-03,-454.545454545455,-0.9090909090909101,8287.141320658844,-454.54545454545587,5
60d,runner_only_10_no_be,2025-05-07,-545.454545454546,-0.90909090909091,7741.686775204298,-1000.0000000000018,6
60d,runner_only_10_no_be,2025-06-05,-90.90909090909093,-0.9090909090909094,7650.777684295207,-1090.9090909090928,1
60d,runner_only_10_no_be,2025-10-09,-90.90909090909093,-0.9090909090909094,7559.868593386116,-1181.8181818181838,1
60d,runner_only_10_no_be,2025-12-01,-90.90909090909093,-0.9090909090909094,7468.959502477025,-1272.7272727272748,1
60d,runner_only_10_no_be,2026-01-02,-90.90909090909105,-0.9090909090909105,7378.050411567934,-1363.6363636363658,1
60d,runner_only_10_no_be,2026-03-06,218.39522808931503,0.2729940351116438,7596.44563965725,-1145.2411355470504,8
60d,runner_only_10_no_be,2026-03-13,1613.832288401254,5.379440961337513,9210.277928058504,0.0,3
60d,runner_only_10_no_be,2026-04-14,-142.66946925906453,-0.3566736731476613,9067.60845879944,-142.6694692590645,4
60d,runner_only_10_no_be,2026-04-30,175.87621606192403,0.5862540535397468,9243.484674861364,0.0,3
60d,runner_only_10_no_be,2026-05-22,1139.1581464676972,2.2783162929353944,10382.64282132906,0.0,5
7d,aggressive_10_be20_tp20_50,2024-01-04,47.48902910685244,0.15829676368950815,47.48902910685244,0.0,3
7d,aggressive_10_be20_tp20_50,2024-04-03,323.79722443685864,1.6189861221842932,371.2862535437111,0.0,2
7d,aggressive_10_be20_tp20_50,2024-07-01,995.0046754399973,3.316682251466658,1366.2909289837085,0.0,3
7d,aggressive_10_be20_tp20_50,2024-10-03,-22.86946630012332,-0.1143473315006166,1343.421462683585,-22.86946630012335,2
7d,aggressive_10_be20_tp20_50,2025-01-02,838.4846098783105,4.192423049391553,2181.9060725618956,0.0,2
7d,aggressive_10_be20_tp20_50,2025-03-04,1215.7958653207374,4.052652884402458,3397.701937882633,0.0,3
7d,aggressive_10_be20_tp20_50,2025-04-03,1168.0633802816901,2.3361267605633804,4565.765318164324,0.0,5
7d,aggressive_10_be20_tp20_50,2025-05-07,-379.5454545454549,-0.6325757575757581,4186.219863618869,-379.54545454545496,6
7d,aggressive_10_be20_tp20_50,2025-06-05,217.27019498607226,2.1727019498607225,4403.490058604941,-162.2752595593829,1
7d,aggressive_10_be20_tp20_50,2025-10-09,-90.90909090909093,-0.9090909090909094,4312.58096769585,-253.1843504684739,1
7d,aggressive_10_be20_tp20_50,2025-12-01,-90.90909090909093,-0.9090909090909094,4221.671876786759,-344.0934413775649,1
7d,aggressive_10_be20_tp20_50,2026-01-02,-90.90909090909105,-0.9090909090909105,4130.762785877668,-435.0025322866559,1
7d,aggressive_10_be20_tp20_50,2026-03-06,10.225964567329129,0.012782455709161412,4140.988750444997,-424.7765677193265,8
7d,aggressive_10_be20_tp20_50,2026-03-13,1462.7835879896193,4.875945293298731,5603.772338434616,0.0,3
7d,aggressive_10_be20_tp20_50,2026-04-14,23.239621650026407,0.05809905412506602,5627.011960084643,0.0,4
7d,aggressive_10_be20_tp20_50,2026-04-30,175.87621606192403,0.5862540535397468,5802.888176146567,0.0,3
7d,aggressive_10_be20_tp20_50,2026-05-22,1144.6856421400612,2.2893712842801226,6947.573818286628,0.0,5
7d,balanced_10_be15_tp10_30,2024-01-04,24.24886347538257,0.0808295449179419,24.24886347538257,0.0,3
7d,balanced_10_be15_tp10_30,2024-04-03,221.84281842818413,1.1092140921409206,246.0916819035667,0.0,2
7d,balanced_10_be15_tp10_30,2024-07-01,895.3243553646565,2.9844145178821884,1141.4160372682231,0.0,3
7d,balanced_10_be15_tp10_30,2024-10-03,-9.94802034948026,-0.049740101747401295,1131.468016918743,-9.948020349480203,2
7d,balanced_10_be15_tp10_30,2025-01-02,568.2465146402153,2.8412325732010766,1699.7145315589582,0.0,2
7d,balanced_10_be15_tp10_30,2025-03-04,1038.9125137088874,3.463041712362958,2738.6270452678455,0.0,3
7d,balanced_10_be15_tp10_30,2025-04-03,849.4081153588197,1.6988162307176393,3588.035160626665,0.0,5
7d,balanced_10_be15_tp10_30,2025-05-07,-421.21212121212153,-0.7020202020202025,3166.8230394145435,-421.2121212121215,6
7d,balanced_10_be15_tp10_30,2025-06-05,185.42246982358392,1.8542246982358392,3352.2455092381274,-235.78965138853755,1
7d,balanced_10_be15_tp10_30,2025-10-09,-90.90909090909093,-0.9090909090909094,3261.3364183290364,-326.69874229762854,1
7d,balanced_10_be15_tp10_30,2025-12-01,-90.90909090909093,-0.9090909090909094,3170.4273274199454,-417.60783320671953,1
7d,balanced_10_be15_tp10_30,2026-01-02,-90.90909090909105,-0.9090909090909105,3079.5182365108544,-508.5169241158105,1
7d,balanced_10_be15_tp10_30,2026-03-06,401.3828370910875,0.5017285463638593,3480.901073601942,-107.13408702472316,8
7d,balanced_10_be15_tp10_30,2026-03-13,1062.7845701125268,3.542615233708423,4543.685643714469,0.0,3
7d,balanced_10_be15_tp10_30,2026-04-14,-24.111052723769525,-0.06027763180942381,4519.574590990699,-24.111052723769717,4
7d,balanced_10_be15_tp10_30,2026-04-30,179.70644380519533,0.5990214793506511,4699.281034795895,0.0,3
7d,balanced_10_be15_tp10_30,2026-05-22,1034.2107556271123,2.0684215112542246,5733.491790423007,0.0,5
7d,base_10_be20_tp15_30,2024-01-04,81.96216463871266,0.27320721546237553,81.96216463871266,0.0,3
7d,base_10_be20_tp15_30,2024-04-03,327.7224521852252,1.6386122609261262,409.68461682393786,0.0,2
7d,base_10_be20_tp15_30,2024-07-01,932.5990933547826,3.108663644515942,1342.2837101787204,0.0,3
7d,base_10_be20_tp15_30,2024-10-03,12.912751696564442,0.06456375848282221,1355.196461875285,0.0,2
7d,base_10_be20_tp15_30,2025-01-02,623.7343021961826,3.118671510980913,1978.9307640714676,0.0,2
7d,base_10_be20_tp15_30,2025-03-04,1080.235302651585,3.60078434217195,3059.1660667230526,0.0,3
7d,base_10_be20_tp15_30,2025-04-03,959.2358267250562,1.9184716534501125,4018.4018934481087,0.0,5
7d,base_10_be20_tp15_30,2025-05-07,-396.31016042780783,-0.6605169340463464,3622.091733020301,-396.31016042780766,6
7d,base_10_be20_tp15_30,2025-06-05,203.80632475831547,2.0380632475831546,3825.8980577786165,-192.50383566949222,1
7d,base_10_be20_tp15_30,2025-10-09,-90.90909090909093,-0.9090909090909094,3734.9889668695255,-283.4129265785832,1
7d,base_10_be20_tp15_30,2025-12-01,-90.90909090909093,-0.9090909090909094,3644.0798759604345,-374.3220174876742,1
7d,base_10_be20_tp15_30,2026-01-02,-90.90909090909105,-0.9090909090909105,3553.1707850513435,-465.2311083967652,1
7d,base_10_be20_tp15_30,2026-03-06,289.95848399019286,0.36244810498774105,3843.129269041536,-175.2726244065725,8
7d,base_10_be20_tp15_30,2026-03-13,1134.1084508498757,3.780361502832919,4977.237719891412,0.0,3
7d,base_10_be20_tp15_30,2026-04-14,6.47491576767348,0.0161872894191837,4983.712635659085,0.0,4
7d,base_10_be20_tp15_30,2026-04-30,201.65809403050284,0.6721936467683428,5185.370729689588,0.0,3
7d,base_10_be20_tp15_30,2026-05-22,1093.4734850014095,2.186946970002819,6278.844214690997,0.0,5
7d,defensive_7p5_be10_tp10_20,2024-01-04,114.90342747891242,0.3830114249297081,114.90342747891242,0.0,3
7d,defensive_7p5_be10_tp10_20,2024-04-03,230.39295392953912,1.1519647696476956,345.29638140845157,0.0,2
7d,defensive_7p5_be10_tp10_20,2024-07-01,688.3353370933319,2.2944511236444396,1033.6317185017833,0.0,3
7d,defensive_7p5_be10_tp10_20,2024-10-03,15.500777349359907,0.07750388674679953,1049.1324958511432,0.0,2
7d,defensive_7p5_be10_tp10_20,2025-01-02,504.07070337138083,2.520353516856904,1553.203199222524,0.0,2
7d,defensive_7p5_be10_tp10_20,2025-03-04,782.9601327565066,2.609867109188355,2336.1633319790308,0.0,3
7d,defensive_7p5_be10_tp10_20,2025-04-03,937.1065280572324,1.8742130561144648,3273.2698600362633,0.0,5
7d,defensive_7p5_be10_tp10_20,2025-05-07,-229.39276485788105,-0.3823212747631351,3043.877095178382,-229.39276485788105,6
7d,defensive_7p5_be10_tp10_20,2025-06-05,174.8065614360878,1.7480656143608782,3218.6836566144702,-54.586203421793016,1
7d,defensive_7p5_be10_tp10_20,2025-10-09,-69.76744186046501,-0.6976744186046502,3148.916214754005,-124.35364528225819,1
7d,defensive_7p5_be10_tp10_20,2025-12-01,-69.76744186046513,-0.6976744186046513,3079.14877289354,-194.12108714272335,1
7d,defensive_7p5_be10_tp10_20,2026-01-02,-69.76744186046513,-0.6976744186046513,3009.3813310330747,-263.8885290031885,1
7d,defensive_7p5_be10_tp10_20,2026-03-06,393.99072807417537,0.4924884100927192,3403.37205910725,0.0,8
7d,defensive_7p5_be10_tp10_20,2026-03-13,145.7976239185807,0.48599207972860237,3549.1696830258306,0.0,3
7d,defensive_7p5_be10_tp10_20,2026-04-14,102.38868724888357,0.2559717181222089,3651.5583702747144,0.0,4
7d,defensive_7p5_be10_tp10_20,2026-04-30,180.98318638628575,0.6032772879542858,3832.541556661,0.0,3
7d,defensive_7p5_be10_tp10_20,2026-05-22,643.3858544332077,1.2867717088664152,4475.927411094208,0.0,5
7d,runner_only_10_no_be,2024-01-04,-6.728990442658837,-0.022429968142196124,-6.728990442658837,-6.728990442658837,3
7d,runner_only_10_no_be,2024-04-03,315.30128947750916,1.5765064473875459,308.57229903485035,0.0,2
7d,runner_only_10_no_be,2024-07-01,1100.0066791999961,3.6666889306666537,1408.5789782348465,0.0,3
7d,runner_only_10_no_be,2024-10-03,-22.86946630012332,-0.1143473315006166,1385.7095119347232,-22.86946630012335,2
7d,runner_only_10_no_be,2025-01-02,1423.7365783822477,7.118682891911238,2809.446090316971,0.0,2
7d,runner_only_10_no_be,2025-03-04,1415.422664743911,4.71807554914637,4224.868755060882,0.0,3
7d,runner_only_10_no_be,2025-04-03,2447.812083392185,4.89562416678437,6672.680838453067,0.0,5
7d,runner_only_10_no_be,2025-05-07,-545.454545454546,-0.90909090909091,6127.226292998521,-545.454545454546,6
7d,runner_only_10_no_be,2025-06-05,217.27019498607226,2.1727019498607225,6344.496487984593,-328.1843504684739,1
7d,runner_only_10_no_be,2025-10-09,-90.90909090909093,-0.9090909090909094,6253.587397075502,-419.0934413775649,1
7d,runner_only_10_no_be,2025-12-01,-90.90909090909093,-0.9090909090909094,6162.678306166411,-510.0025322866559,1
7d,runner_only_10_no_be,2026-01-02,-90.90909090909105,-0.9090909090909105,6071.76921525732,-600.9116231957469,1
7d,runner_only_10_no_be,2026-03-06,12.873023390858634,0.016091279238573293,6084.642238648179,-588.0385998048878,8
7d,runner_only_10_no_be,2026-03-13,1784.9221422064866,5.949740474021622,7869.564380854666,0.0,3
7d,runner_only_10_no_be,2026-04-14,-142.66946925906453,-0.3566736731476613,7726.894911595601,-142.6694692590645,4
7d,runner_only_10_no_be,2026-04-30,175.87621606192403,0.5862540535397468,7902.7711276575255,0.0,3
7d,runner_only_10_no_be,2026-05-22,1216.1722717670668,2.4323445435341338,9118.943399424592,0.0,5
90d,aggressive_10_be20_tp20_50,2024-01-04,-106.81818181818198,-0.35606060606060663,-106.81818181818198,-106.81818181818198,3
90d,aggressive_10_be20_tp20_50,2024-04-03,1423.3414326259858,7.116707163129929,1316.5232508078038,0.0,2
90d,aggressive_10_be20_tp20_50,2024-07-01,224.99999999999994,0.7499999999999998,1541.5232508078038,0.0,3
90d,aggressive_10_be20_tp20_50,2024-10-03,-181.81818181818198,-0.90909090909091,1359.7050689896219,-181.81818181818198,2
90d,aggressive_10_be20_tp20_50,2025-01-02,2840.36248561565,14.201812428078249,4200.067554605272,0.0,2
90d,aggressive_10_be20_tp20_50,2025-03-04,2050.229357798165,6.834097859327216,6250.296912403437,0.0,3
90d,aggressive_10_be20_tp20_50,2025-04-03,775.0,1.55,7025.296912403437,0.0,5
90d,aggressive_10_be20_tp20_50,2025-05-07,-379.5454545454549,-0.6325757575757581,6645.751457857982,-379.54545454545496,6
90d,aggressive_10_be20_tp20_50,2025-06-05,75.0,0.75,6720.751457857982,-304.54545454545496,1
90d,aggressive_10_be20_tp20_50,2025-10-09,-90.90909090909093,-0.9090909090909094,6629.842366948891,-395.45454545454595,1
90d,aggressive_10_be20_tp20_50,2025-12-01,-90.90909090909093,-0.9090909090909094,6538.9332760398,-486.36363636363694,1
90d,aggressive_10_be20_tp20_50,2026-01-02,-90.90909090909105,-0.9090909090909105,6448.024185130709,-577.2727272727279,1
90d,aggressive_10_be20_tp20_50,2026-03-06,173.30789509375575,0.21663486886719469,6621.332080224465,-403.96483217897185,8
90d,aggressive_10_be20_tp20_50,2026-03-13,1418.3189655172414,4.727729885057471,8039.651045741706,0.0,3
90d,aggressive_10_be20_tp20_50,2026-04-14,23.239621650026407,0.05809905412506602,8062.890667391733,0.0,4
90d,aggressive_10_be20_tp20_50,2026-04-30,175.87621606192403,0.5862540535397468,8238.766883453656,0.0,3
90d,aggressive_10_be20_tp20_50,2026-05-22,1076.2743388910246,2.152548677782049,9315.04122234468,0.0,5
90d,balanced_10_be15_tp10_30,2024-01-04,-24.24242424242442,-0.0808080808080814,-24.24242424242442,-24.24242424242442,3
90d,balanced_10_be15_tp10_30,2024-04-03,341.87708522899595,1.7093854261449797,317.63466098657153,0.0,2
90d,balanced_10_be15_tp10_30,2024-07-01,442.8571428571428,1.4761904761904758,760.4918038437143,0.0,3
90d,balanced_10_be15_tp10_30,2024-10-03,-57.575757575757585,-0.2878787878787879,702.9160462679566,-57.57575757575762,2
90d,balanced_10_be15_tp10_30,2025-01-02,2570.1243903775544,12.850621951887772,3273.040436645511,0.0,2
90d,balanced_10_be15_tp10_30,2025-03-04,1639.5150720838794,5.465050240279598,4912.555508729391,0.0,3
90d,balanced_10_be15_tp10_30,2025-04-03,509.52380952380963,1.0190476190476192,5422.0793182532,0.0,5
90d,balanced_10_be15_tp10_30,2025-05-07,-421.21212121212153,-0.7020202020202025,5000.867197041078,-421.21212121212193,6
90d,balanced_10_be15_tp10_30,2025-06-05,204.7619047619048,2.047619047619048,5205.629101802982,-216.45021645021734,1
90d,balanced_10_be15_tp10_30,2025-10-09,-90.90909090909093,-0.9090909090909094,5114.720010893891,-307.35930735930833,1
90d,balanced_10_be15_tp10_30,2025-12-01,-90.90909090909093,-0.9090909090909094,5023.8109199848,-398.2683982683993,1
90d,balanced_10_be15_tp10_30,2026-01-02,-90.90909090909105,-0.9090909090909105,4932.901829075709,-489.1774891774903,1
90d,balanced_10_be15_tp10_30,2026-03-06,567.9118999489767,0.7098898749362209,5500.813729024686,0.0,8
90d,balanced_10_be15_tp10_30,2026-03-13,1125.708128078818,3.752360426929393,6626.521857103504,0.0,3
90d,balanced_10_be15_tp10_30,2026-04-14,-24.111052723769525,-0.06027763180942381,6602.410804379734,-24.111052723769717,4
90d,balanced_10_be15_tp10_30,2026-04-30,179.70644380519533,0.5990214793506511,6782.11724818493,0.0,3
90d,balanced_10_be15_tp10_30,2026-05-22,1084.7452794381447,2.1694905588762894,7866.862527623074,0.0,5
90d,base_10_be20_tp15_30,2024-01-04,-35.347593582887825,-0.11782531194295942,-35.347593582887825,-35.347593582887825,3
90d,base_10_be20_tp15_30,2024-04-03,935.7813547352207,4.678906773676103,900.4337611523329,0.0,2
90d,base_10_be20_tp15_30,2024-07-01,457.5630252100841,1.5252100840336136,1357.996786362417,0.0,3
90d,base_10_be20_tp15_30,2024-10-03,-93.58288770053485,-0.4679144385026743,1264.413898661882,-93.58288770053491,2
90d,base_10_be20_tp15_30,2025-01-02,2892.529228031833,14.462646140159165,4156.943126693715,0.0,2
90d,base_10_be20_tp15_30,2025-03-04,1760.918202143242,5.869727340477474,5917.861328836958,0.0,3
90d,base_10_be20_tp15_30,2025-04-03,574.0336134453783,1.1480672268907566,6491.894942282336,0.0,5
90d,base_10_be20_tp15_30,2025-05-07,-396.31016042780783,-0.6605169340463464,6095.584781854528,-396.3101604278081,6
90d,base_10_be20_tp15_30,2025-06-05,199.66386554621852,1.996638655462185,6295.248647400746,-196.6462948815897,1
90d,base_10_be20_tp15_30,2025-10-09,-90.90909090909093,-0.9090909090909094,6204.3395564916555,-287.5553857906807,1
90d,base_10_be20_tp15_30,2025-12-01,-90.90909090909093,-0.9090909090909094,6113.4304655825645,-378.4644766997717,1
90d,base_10_be20_tp15_30,2026-01-02,-90.90909090909105,-0.9090909090909105,6022.5213746734735,-469.3735676088627,1
90d,base_10_be20_tp15_30,2026-03-06,427.3631143668762,0.5342038929585953,6449.88448904035,-42.0104532419864,8
90d,base_10_be20_tp15_30,2026-03-13,1178.6036656041726,3.9286788853472423,7628.488154644522,0.0,3
90d,base_10_be20_tp15_30,2026-04-14,6.47491576767348,0.0161872894191837,7634.9630704121955,0.0,4
90d,base_10_be20_tp15_30,2026-04-30,201.65809403050284,0.6721936467683428,7836.6211644426985,0.0,3
90d,base_10_be20_tp15_30,2026-05-22,1083.9497514644106,2.167899502928821,8920.570915907108,0.0,5
90d,defensive_7p5_be10_tp10_20,2024-01-04,94.12144702842372,0.31373815676141237,94.12144702842372,0.0,3
90d,defensive_7p5_be10_tp10_20,2024-04-03,267.6707360226467,1.3383536801132334,361.7921830510704,0.0,2
90d,defensive_7p5_be10_tp10_20,2024-07-01,358.33333333333314,1.1944444444444438,720.1255163844036,0.0,3
90d,defensive_7p5_be10_tp10_20,2024-10-03,-25.322997416020662,-0.12661498708010333,694.8025189683829,-25.322997416020712,2
90d,defensive_7p5_be10_tp10_20,2025-01-02,2505.9485791087204,12.529742895543603,3200.751098077103,0.0,2
90d,defensive_7p5_be10_tp10_20,2025-03-04,1383.562691131498,4.611875637104993,4584.3137892086015,0.0,3
90d,defensive_7p5_be10_tp10_20,2025-04-03,597.2222222222222,1.1944444444444444,5181.536011430824,0.0,5
90d,defensive_7p5_be10_tp10_20,2025-05-07,-229.39276485788105,-0.3823212747631351,4952.143246572943,-229.39276485788105,6
90d,defensive_7p5_be10_tp10_20,2025-06-05,119.44444444444446,1.1944444444444446,5071.587691017387,-109.9483204134367,1
90d,defensive_7p5_be10_tp10_20,2025-10-09,-69.76744186046501,-0.6976744186046502,5001.820249156923,-179.71576227390142,1
90d,defensive_7p5_be10_tp10_20,2025-12-01,-69.76744186046513,-0.6976744186046513,4932.052807296458,-249.48320413436613,1
90d,defensive_7p5_be10_tp10_20,2026-01-02,-69.76744186046513,-0.6976744186046513,4862.285365435993,-319.25064599483085,1
90d,defensive_7p5_be10_tp10_20,2026-03-06,316.343669250646,0.39542958656330746,5178.629034686639,-2.906976744185158,8
90d,defensive_7p5_be10_tp10_20,2026-03-13,343.04386082152723,1.1434795360717573,5521.672895508166,0.0,3
90d,defensive_7p5_be10_tp10_20,2026-04-14,102.38868724888357,0.2559717181222089,5624.06158275705,0.0,4
90d,defensive_7p5_be10_tp10_20,2026-04-30,180.98318638628575,0.6032772879542858,5805.0447691433355,0.0,3
90d,defensive_7p5_be10_tp10_20,2026-05-22,725.6921232919656,1.451384246583931,6530.736892435301,0.0,5
90d,runner_only_10_no_be,2024-01-04,-272.7272727272729,-0.9090909090909097,-272.7272727272729,-272.7272727272729,3
90d,runner_only_10_no_be,2024-04-03,1577.8047754199529,7.889023877099764,1305.07750269268,0.0,2
90d,runner_only_10_no_be,2024-07-01,491.15603049815496,1.6371867683271832,1796.2335331908348,0.0,3
90d,runner_only_10_no_be,2024-10-03,-181.81818181818198,-0.90909090909091,1614.4153513726528,-181.81818181818198,2
90d,runner_only_10_no_be,2025-01-02,8096.662830840047,40.48331415420024,9711.0781822127,0.0,2
90d,runner_only_10_no_be,2025-03-04,3235.613010842368,10.785376702807893,12946.691193055067,0.0,3
90d,runner_only_10_no_be,2025-04-03,-454.545454545455,-0.9090909090909101,12492.145738509611,-454.54545454545587,5
90d,runner_only_10_no_be,2025-05-07,-545.454545454546,-0.90909090909091,11946.691193055065,-1000.0000000000018,6
90d,runner_only_10_no_be,2025-06-05,-90.90909090909093,-0.9090909090909094,11855.782102145975,-1090.909090909092,1
90d,runner_only_10_no_be,2025-10-09,-90.90909090909093,-0.9090909090909094,11764.873011236885,-1181.818181818182,1
90d,runner_only_10_no_be,2025-12-01,-90.90909090909093,-0.9090909090909094,11673.963920327795,-1272.727272727272,1
90d,runner_only_10_no_be,2026-01-02,-90.90909090909105,-0.9090909090909105,11583.054829418703,-1363.636363636364,1
90d,runner_only_10_no_be,2026-03-06,30.05023974432666,0.03756279968040833,11613.10506916303,-1333.586123892037,8
90d,runner_only_10_no_be,2026-03-13,1613.832288401254,5.379440961337513,13226.937357564284,0.0,3
90d,runner_only_10_no_be,2026-04-14,-142.66946925906453,-0.3566736731476613,13084.26788830522,-142.6694692590645,4
90d,runner_only_10_no_be,2026-04-30,175.87621606192403,0.5862540535397468,13260.144104367144,0.0,3
90d,runner_only_10_no_be,2026-05-22,1139.1581464676972,2.2783162929353944,14399.30225083484,0.0,5
