hold_window,stop_model,be_model,token_trades,clusters,total_margin_usdt,total_pnl_usdt,roi_on_margin,token_win_rate,cluster_win_rate,median_token_pnl,median_cluster_roi,p25_token_pnl,p75_token_pnl,best_token_pnl,worst_token_pnl,profit_factor,stopped_out_rate,breakeven_exit_rate,median_mfe,median_mae,max_mae
12h,no_stop,be_after_10,53,17,5300.0,2579.2242091197386,0.4866460771924035,0.6981132075471698,0.7647058823529411,25.579536370903266,0.3356674477847555,0.0,72.57203842049087,847.8109798471161,-126.1008807045636,10.280389707114166,0.0,0.1509433962264151,0.0938967136150235,0.012525252525252384,0.21346770499312884
12h,no_stop,be_after_15,53,17,5300.0,3062.2707856054017,0.5777869406802645,0.7735849056603774,0.8235294117647058,44.00000000000004,0.36054661193566795,8.26446280991755,83.41463414634154,847.8109798471161,-126.1008807045636,7.891197446285595,0.0,0.03773584905660377,0.0938967136150235,0.012746234067207318,0.23715415019762864
12h,no_stop,be_after_20,53,17,5300.0,3467.300364015733,0.6542076158520251,0.8113207547169812,0.8235294117647058,48.19277108433728,0.36054661193566795,10.410094637224088,84.15841584158423,847.8109798471161,-126.1008807045636,8.802657925068697,0.0,0.0,0.0938967136150235,0.012746234067207318,0.23715415019762864
12h,no_stop,be_after_5,53,17,5300.0,2192.9637670509114,0.413766748500172,0.5283018867924528,0.7647058823529411,8.26446280991755,0.25579536370903266,0.0,57.14285714285716,847.8109798471161,-48.57363145720905,24.220762005710114,0.0,0.39622641509433965,0.08074534161490687,0.010714285714285676,0.19247626004382767
12h,no_stop,no_be,53,17,5300.0,3467.300364015733,0.6542076158520251,0.8113207547169812,0.8235294117647058,48.19277108433728,0.36054661193566795,10.410094637224088,84.15841584158423,847.8109798471161,-126.1008807045636,8.802657925068697,0.0,0.0,0.0938967136150235,0.012746234067207318,0.23715415019762864
12h,stop_10,be_after_10,53,17,5300.0,2375.4549599541724,0.44819904904795704,0.6792452830188679,0.7058823529411765,19.543973941368087,0.3138322197099941,0.0,72.57203842049087,847.8109798471161,-90.90909090909105,6.59525170929823,0.05660377358490566,0.1320754716981132,0.09162303664921478,0.012525252525252384,0.19247626004382767
12h,stop_10,be_after_15,53,17,5300.0,2583.126441558399,0.4873823474638489,0.7358490566037735,0.7058823529411765,31.237643337287402,0.3138322197099941,0.0,81.90476190476193,847.8109798471161,-90.90909090909105,5.260008173131531,0.09433962264150944,0.03773584905660377,0.09162303664921478,0.012746234067207318,0.19247626004382767
12h,stop_10,be_after_20,53,17,5300.0,2988.15601996873,0.5638030226356094,0.7735849056603774,0.7058823529411765,44.00000000000004,0.3138322197099941,8.26446280991755,83.41463414634154,847.8109798471161,-90.90909090909105,5.9279697899647665,0.09433962264150944,0.0,0.09162303664921478,0.012746234067207318,0.19247626004382767
12h,stop_10,be_after_5,53,17,5300.0,1954.0027280898726,0.36867976001695707,0.5094339622641509,0.7058823529411765,1.1303692539563759,0.2550795224902935,0.0,48.19277108433728,847.8109798471161,-90.90909090909105,8.073109065075615,0.03773584905660377,0.37735849056603776,0.08015833745670453,0.010714285714285676,0.19247626004382767
12h,stop_10,no_be,53,17,5300.0,2988.15601996873,0.5638030226356094,0.7735849056603774,0.7058823529411765,44.00000000000004,0.3138322197099941,8.26446280991755,83.41463414634154,847.8109798471161,-90.90909090909105,5.9279697899647665,0.09433962264150944,0.0,0.09162303664921478,0.012746234067207318,0.19247626004382767
12h,stop_15,be_after_10,53,17,5300.0,2444.4555246069112,0.461218023510738,0.6981132075471698,0.7647058823529411,25.579536370903266,0.3356674477847555,0.0,72.57203842049087,847.8109798471161,-130.43478260869568,6.923215089863971,0.03773584905660377,0.1320754716981132,0.0938967136150235,0.012525252525252384,0.19247626004382767
12h,stop_15,be_after_15,53,17,5300.0,2661.6255886666977,0.5021935072956033,0.7547169811320755,0.7647058823529411,35.978835978836,0.3356674477847555,1.1303692539563759,81.90476190476193,847.8109798471161,-130.43478260869568,5.549707567598668,0.05660377358490566,0.03773584905660377,0.0938967136150235,0.012746234067207318,0.21739130434782616
12h,stop_15,be_after_20,53,17,5300.0,3066.6551670770286,0.5786141824673638,0.7924528301886793,0.7647058823529411,44.15584415584428,0.3356674477847555,8.917197452229297,83.41463414634154,847.8109798471161,-130.43478260869568,6.242053683386459,0.05660377358490566,0.0,0.0938967136150235,0.012746234067207318,0.21739130434782616
12h,stop_15,be_after_5,53,17,5300.0,2062.528984442216,0.38915641215890867,0.5283018867924528,0.7647058823529411,8.26446280991755,0.25579536370903266,0.0,57.14285714285716,847.8109798471161,-130.43478260869568,10.171908624773677,0.018867924528301886,0.37735849056603776,0.08074534161490687,0.010714285714285676,0.19247626004382767
12h,stop_15,no_be,53,17,5300.0,3066.6551670770286,0.5786141824673638,0.7924528301886793,0.7647058823529411,44.15584415584428,0.3356674477847555,8.917197452229297,83.41463414634154,847.8109798471161,-130.43478260869568,6.242053683386459,0.05660377358490566,0.0,0.0938967136150235,0.012746234067207318,0.21739130434782616
12h,stop_20,be_after_10,53,17,5300.0,2538.6584231576358,0.47899215531276146,0.6981132075471698,0.7647058823529411,25.579536370903266,0.3356674477847555,0.0,72.57203842049087,847.8109798471161,-166.66666666666663,8.97097646302976,0.018867924528301886,0.1509433962264151,0.0938967136150235,0.012525252525252384,0.21346770499312884
12h,stop_20,be_after_15,53,17,5300.0,2979.6058070250747,0.5621897749103915,0.7735849056603774,0.8235294117647058,44.00000000000004,0.36054661193566795,8.26446280991755,83.41463414634154,847.8109798471161,-166.66666666666663,6.653479992735895,0.03773584905660377,0.03773584905660377,0.0938967136150235,0.012746234067207318,0.21739130434782616
12h,stop_20,be_after_20,53,17,5300.0,3384.635385435406,0.6386104500821521,0.8113207547169812,0.8235294117647058,48.19277108433728,0.36054661193566795,10.410094637224088,84.15841584158423,847.8109798471161,-166.66666666666663,7.421979843491419,0.03773584905660377,0.0,0.0938967136150235,0.012746234067207318,0.21739130434782616
12h,stop_20,be_after_5,53,17,5300.0,2192.9637670509114,0.413766748500172,0.5283018867924528,0.7647058823529411,8.26446280991755,0.25579536370903266,0.0,57.14285714285716,847.8109798471161,-48.57363145720905,24.220762005710114,0.0,0.39622641509433965,0.08074534161490687,0.010714285714285676,0.19247626004382767
12h,stop_20,no_be,53,17,5300.0,3384.635385435406,0.6386104500821521,0.8113207547169812,0.8235294117647058,48.19277108433728,0.36054661193566795,10.410094637224088,84.15841584158423,847.8109798471161,-166.66666666666663,7.421979843491419,0.03773584905660377,0.0,0.0938967136150235,0.012746234067207318,0.21739130434782616
12h,stop_30,be_after_10,53,17,5300.0,2579.2242091197386,0.4866460771924035,0.6981132075471698,0.7647058823529411,25.579536370903266,0.3356674477847555,0.0,72.57203842049087,847.8109798471161,-126.1008807045636,10.280389707114166,0.0,0.1509433962264151,0.0938967136150235,0.012525252525252384,0.21346770499312884
12h,stop_30,be_after_15,53,17,5300.0,3062.2707856054017,0.5777869406802645,0.7735849056603774,0.8235294117647058,44.00000000000004,0.36054661193566795,8.26446280991755,83.41463414634154,847.8109798471161,-126.1008807045636,7.891197446285595,0.0,0.03773584905660377,0.0938967136150235,0.012746234067207318,0.23715415019762864
12h,stop_30,be_after_20,53,17,5300.0,3467.300364015733,0.6542076158520251,0.8113207547169812,0.8235294117647058,48.19277108433728,0.36054661193566795,10.410094637224088,84.15841584158423,847.8109798471161,-126.1008807045636,8.802657925068697,0.0,0.0,0.0938967136150235,0.012746234067207318,0.23715415019762864
12h,stop_30,be_after_5,53,17,5300.0,2192.9637670509114,0.413766748500172,0.5283018867924528,0.7647058823529411,8.26446280991755,0.25579536370903266,0.0,57.14285714285716,847.8109798471161,-48.57363145720905,24.220762005710114,0.0,0.39622641509433965,0.08074534161490687,0.010714285714285676,0.19247626004382767
12h,stop_30,no_be,53,17,5300.0,3467.300364015733,0.6542076158520251,0.8113207547169812,0.8235294117647058,48.19277108433728,0.36054661193566795,10.410094637224088,84.15841584158423,847.8109798471161,-126.1008807045636,8.802657925068697,0.0,0.0,0.0938967136150235,0.012746234067207318,0.23715415019762864
12h,stop_50,be_after_10,53,17,5300.0,2579.2242091197386,0.4866460771924035,0.6981132075471698,0.7647058823529411,25.579536370903266,0.3356674477847555,0.0,72.57203842049087,847.8109798471161,-126.1008807045636,10.280389707114166,0.0,0.1509433962264151,0.0938967136150235,0.012525252525252384,0.21346770499312884
12h,stop_50,be_after_15,53,17,5300.0,3062.2707856054017,0.5777869406802645,0.7735849056603774,0.8235294117647058,44.00000000000004,0.36054661193566795,8.26446280991755,83.41463414634154,847.8109798471161,-126.1008807045636,7.891197446285595,0.0,0.03773584905660377,0.0938967136150235,0.012746234067207318,0.23715415019762864
12h,stop_50,be_after_20,53,17,5300.0,3467.300364015733,0.6542076158520251,0.8113207547169812,0.8235294117647058,48.19277108433728,0.36054661193566795,10.410094637224088,84.15841584158423,847.8109798471161,-126.1008807045636,8.802657925068697,0.0,0.0,0.0938967136150235,0.012746234067207318,0.23715415019762864
12h,stop_50,be_after_5,53,17,5300.0,2192.9637670509114,0.413766748500172,0.5283018867924528,0.7647058823529411,8.26446280991755,0.25579536370903266,0.0,57.14285714285716,847.8109798471161,-48.57363145720905,24.220762005710114,0.0,0.39622641509433965,0.08074534161490687,0.010714285714285676,0.19247626004382767
12h,stop_50,no_be,53,17,5300.0,3467.300364015733,0.6542076158520251,0.8113207547169812,0.8235294117647058,48.19277108433728,0.36054661193566795,10.410094637224088,84.15841584158423,847.8109798471161,-126.1008807045636,8.802657925068697,0.0,0.0,0.0938967136150235,0.012746234067207318,0.23715415019762864
14d,no_stop,be_after_10,53,17,5300.0,6395.784240326052,1.2067517434577457,0.3018867924528302,0.5294117647058824,0.0,0.10752895107825929,0.0,151.685393258427,1827.7206664303435,-512.6050420168067,5.663939197824597,0.0,0.5660377358490566,0.19277108433734935,0.040983606557376984,4.396226415094339
14d,no_stop,be_after_15,53,17,5300.0,8672.64082936808,1.636347326295864,0.4716981132075472,0.7058823529411765,0.0,1.55504208615283,0.0,292.92929292929284,1827.7206664303435,-512.6050420168067,5.59340429600442,0.0,0.33962264150943394,0.2413627639155469,0.07619047619047614,4.396226415094339
14d,no_stop,be_after_20,53,17,5300.0,11035.121844563295,2.0820984612383575,0.5849056603773585,0.7647058823529411,74.07407407407396,2.065217391304348,0.0,374.94655835827297,1827.7206664303435,-512.6050420168067,5.847420747293478,0.0,0.16981132075471697,0.33333333333333326,0.11935110081112388,4.396226415094339
14d,no_stop,be_after_5,53,17,5300.0,4367.0460643727765,0.8239709555420333,0.16981132075471697,0.4117647058823529,0.0,0.0,0.0,0.0,1827.7206664303435,-122.58867454884881,20.35147721562625,0.0,0.7924528301886793,0.10977701543739271,0.012525252525252384,0.556527170518426
14d,no_stop,no_be,53,17,5300.0,14831.184670615807,2.7983367303048694,0.7358490566037735,0.8235294117647058,197.08029197080302,2.065217391304348,-9.966777408637828,442.8450465707028,1885.3046594982081,-599.0783410138249,6.157647058618063,0.0,0.0,0.3664921465968587,0.1351351351351351,4.396226415094339
14d,stop_10,be_after_10,53,17,5300.0,6287.861905134549,1.1863890387046319,0.2830188679245283,0.5294117647058824,0.0,0.2777777777777771,-90.90909090909093,119.26605504587174,1827.7206664303435,-90.90909090909105,5.940462925462854,0.2641509433962264,0.4528301886792453,0.1648351648351647,0.040983606557376984,0.3908045977011494
14d,stop_10,be_after_15,53,17,5300.0,6397.073780907025,1.2069950530013256,0.3018867924528302,0.5882352941176471,0.0,0.05050505050504981,-90.90909090909093,151.685393258427,1827.7206664303435,-90.90909090909105,4.0594700691294445,0.4339622641509434,0.2641509433962264,0.20606060606060606,0.07619047619047614,0.3908045977011494
14d,stop_10,be_after_20,53,17,5300.0,6550.1204936132945,1.2358717912477915,0.33962264150943394,0.5294117647058824,-90.90909090909093,0.05050505050504981,-90.90909090909093,201.71673819742475,1827.7206664303435,-90.90909090909105,3.573261622490935,0.5283018867924528,0.1320754716981132,0.20606060606060606,0.10223642172523961,0.3908045977011494
14d,stop_10,be_after_5,53,17,5300.0,3956.352335050986,0.7464815726511294,0.16981132075471697,0.4117647058823529,0.0,0.0,0.0,0.0,1827.7206664303435,-90.90909090909105,7.217125097937258,0.1320754716981132,0.6981132075471698,0.10000000000000009,0.012525252525252384,0.3908045977011494
14d,stop_10,no_be,53,17,5300.0,7189.4285364284415,1.3564959502695173,0.39622641509433965,0.5882352941176471,-90.90909090909093,0.06632852126414292,-90.90909090909093,292.92929292929284,1827.7206664303435,-90.90909090909105,3.471366059397276,0.6037735849056604,0.0,0.20606060606060606,0.10732323232323226,1.1888198757763973
14d,stop_15,be_after_10,53,17,5300.0,6332.328308296605,1.1947789260936992,0.3018867924528302,0.5882352941176471,0.0,0.23760651862909687,0.0,151.685393258427,1827.7206664303435,-130.43478260869568,5.413440942146122,0.20754716981132076,0.49056603773584906,0.19277108433734935,0.040983606557376984,0.4377358490566037
14d,stop_15,be_after_15,53,17,5300.0,6469.668398915584,1.2206921507387893,0.33962264150943394,0.47058823529411764,0.0,-0.014889815366289326,-130.43478260869557,206.5217391304348,1827.7206664303435,-130.43478260869568,3.610567950439623,0.3584905660377358,0.3018867924528302,0.2109826589595376,0.07619047619047614,0.4377358490566037
14d,stop_15,be_after_20,53,17,5300.0,7134.546172147772,1.346140787197693,0.41509433962264153,0.5294117647058824,0.0,0.7489990735226,-130.43478260869557,292.92929292929284,1827.7206664303435,-130.43478260869568,3.3781820573825936,0.4339622641509434,0.1509433962264151,0.2571942446043167,0.11935110081112388,0.4377358490566037
14d,stop_15,be_after_5,53,17,5300.0,4070.9768409798403,0.7681088379207246,0.16981132075471697,0.4117647058823529,0.0,0.0,0.0,0.0,1827.7206664303435,-130.43478260869568,8.80270561187803,0.07547169811320754,0.7547169811320755,0.10977701543739271,0.012525252525252384,0.3908045977011494
14d,stop_15,no_be,53,17,5300.0,8659.091136325162,1.6337907804387097,0.5094339622641509,0.5882352941176471,43.1999999999999,1.657126464727687,-130.43478260869557,340.1673640167364,1827.7206664303435,-130.43478260869568,3.5533217453266515,0.49056603773584906,0.0,0.2664092664092663,0.1351351351351351,1.1888198757763973
14d,stop_20,be_after_10,53,17,5300.0,6267.110916992257,1.1824737579230675,0.3018867924528302,0.5294117647058824,0.0,0.11683357176919372,0.0,151.685393258427,1827.7206664303435,-166.66666666666674,5.178073944661506,0.16981132075471697,0.5283018867924528,0.19277108433734935,0.040983606557376984,0.4377358490566037
14d,stop_20,be_after_15,53,17,5300.0,7313.294593193571,1.3798669043761456,0.37735849056603776,0.5882352941176471,0.0,1.5255621491594702,-166.66666666666652,253.42465753424648,1827.7206664303435,-166.66666666666674,3.885478878404002,0.2830188679245283,0.32075471698113206,0.23921150772509336,0.07619047619047614,0.4377358490566037
14d,stop_20,be_after_20,53,17,5300.0,7833.244830193877,1.4779707226780898,0.4528301886792453,0.6470588235294118,0.0,1.5255621491594702,-166.66666666666663,300.66815144766144,1827.7206664303435,-166.66666666666674,3.4469840597093637,0.3584905660377358,0.16981132075471697,0.27329192546583836,0.11935110081112388,0.4377358490566037
14d,stop_20,be_after_5,53,17,5300.0,4259.38263808129,0.8036571015247717,0.16981132075471697,0.4117647058823529,0.0,0.0,0.0,0.0,1827.7206664303435,-166.66666666666674,13.778147914243867,0.03773584905660377,0.7924528301886793,0.10977701543739271,0.012525252525252384,0.3908045977011494
14d,stop_20,no_be,53,17,5300.0,9774.273998312463,1.8442026411910308,0.5660377358490566,0.7058823529411765,82.72208638956813,1.66956214915947,-166.66666666666663,381.05489773950495,1827.7206664303435,-166.66666666666674,3.6408510083370214,0.41509433962264153,0.0,0.3065420560747665,0.1351351351351351,1.1888198757763973
14d,stop_30,be_after_10,53,17,5300.0,6159.906857828023,1.1622465769486836,0.3018867924528302,0.47058823529411764,0.0,0.0,0.0,151.685393258427,1827.7206664303435,-230.76923076923083,4.832684980295068,0.11320754716981132,0.5471698113207547,0.19277108433734935,0.040983606557376984,0.7241379310344829
14d,stop_30,be_after_15,53,17,5300.0,8142.924719176285,1.53640089041062,0.4339622641509434,0.6470588235294118,0.0,1.55504208615283,0.0,292.92929292929284,1827.7206664303435,-230.76923076923083,4.488785445726774,0.16981132075471697,0.33962264150943394,0.2413627639155469,0.07619047619047614,0.7241379310344829
14d,stop_30,be_after_20,53,17,5300.0,10416.33943048228,1.965347062355147,0.5471698113207547,0.7058823529411765,65.7476139978792,2.065217391304348,-34.51676528599601,374.94655835827297,1827.7206664303435,-230.76923076923083,4.704872466151048,0.20754716981132076,0.16981132075471697,0.33333333333333326,0.11935110081112388,0.9165378670788256
14d,stop_30,be_after_5,53,17,5300.0,4239.358066096544,0.7998788803955743,0.16981132075471697,0.4117647058823529,0.0,0.0,0.0,0.0,1827.7206664303435,-230.76923076923083,12.99734887006541,0.018867924528301886,0.7924528301886793,0.10977701543739271,0.012525252525252384,0.3908045977011494
14d,stop_30,no_be,53,17,5300.0,12165.060906293173,2.2952945106213534,0.660377358490566,0.7647058823529411,164.74712068102139,1.691568829766663,-230.76923076923072,408.2246740220663,1827.7206664303435,-230.76923076923083,4.471930303349263,0.2641509433962264,0.0,0.3664921465968587,0.1351351351351351,1.1888198757763973
14d,stop_50,be_after_10,53,17,5300.0,6114.950511454969,1.153764247444334,0.3018867924528302,0.47058823529411764,0.0,0.0,0.0,151.685393258427,1827.7206664303435,-333.33333333333337,4.701184516322051,0.07547169811320754,0.5660377358490566,0.19277108433734935,0.040983606557376984,0.7241379310344829
14d,stop_50,be_after_15,53,17,5300.0,8530.727447797864,1.6095712165656348,0.4716981132075472,0.7058823529411765,0.0,1.55504208615283,0.0,292.92929292929284,1827.7206664303435,-333.33333333333337,5.202375822265399,0.09433962264150944,0.33962264150943394,0.2413627639155469,0.07619047619047614,0.7241379310344829
14d,stop_50,be_after_20,53,17,5300.0,10861.924752097722,2.04941976454674,0.5849056603773585,0.7647058823529411,74.07407407407396,2.065217391304348,0.0,374.94655835827297,1827.7206664303435,-333.33333333333337,5.433998630586932,0.11320754716981132,0.16981132075471697,0.33333333333333326,0.11935110081112388,0.9165378670788256
14d,stop_50,be_after_5,53,17,5300.0,4136.79396353244,0.780527162930649,0.16981132075471697,0.4117647058823529,0.0,0.0,0.0,0.0,1827.7206664303435,-333.33333333333326,10.073468470514058,0.018867924528301886,0.7924528301886793,0.10977701543739271,0.012525252525252384,0.556527170518426
14d,stop_50,no_be,53,17,5300.0,12705.09459299918,2.397187659056449,0.7169811320754716,0.8235294117647058,164.74712068102139,2.065217391304348,-15.957446808510745,408.2246740220663,1827.7206664303435,-333.33333333333337,5.076905668505844,0.1509433962264151,0.0,0.3664921465968587,0.1351351351351351,1.1888198757763973
1d,no_stop,be_after_10,53,17,5300.0,2947.3121713404553,0.5560966361019727,0.660377358490566,0.7647058823529411,42.2535211267605,0.46885787670133483,0.0,95.1156812339331,793.3902877697842,-109.60854092526684,7.942114535093087,0.0,0.18867924528301888,0.1188475390156063,0.012746234067207318,0.21346770499312884
1d,no_stop,be_after_15,53,17,5300.0,3619.0943348029477,0.6828479876986694,0.7735849056603774,0.8235294117647058,54.59387483355527,0.595614639876649,2.891217925551137,105.26315789473695,793.3902877697842,-109.60854092526684,8.087498631922884,0.0,0.03773584905660377,0.12021857923497259,0.017694063926940506,0.23715415019762864
1d,no_stop,be_after_20,53,17,5300.0,3902.163921333212,0.7362573436477758,0.8113207547169812,0.8235294117647058,70.21630615640606,0.595614639876649,9.677419354838568,108.10810810810811,793.3902877697842,-109.60854092526684,8.64185149528406,0.0,0.0,0.12021857923497259,0.017694063926940506,0.23715415019762864
1d,no_stop,be_after_5,53,17,5300.0,2662.02579934019,0.5022690187434321,0.4716981132075472,0.7647058823529411,0.0,0.4460845288442935,0.0,85.44839255499159,793.3902877697842,-63.675832127351725,34.1975686553116,0.0,0.4716981132075472,0.09191489361702132,0.010714285714285676,0.19247626004382767
1d,no_stop,no_be,53,17,5300.0,3902.163921333212,0.7362573436477758,0.8113207547169812,0.8235294117647058,70.21630615640606,0.595614639876649,9.677419354838568,108.10810810810811,793.3902877697842,-109.60854092526684,8.64185149528406,0.0,0.0,0.12021857923497259,0.017694063926940506,0.23715415019762864
1d,stop_10,be_after_10,53,17,5300.0,2624.266295695489,0.4951445840934885,0.6226415094339622,0.6470588235294118,38.70967741935494,0.46885787670133483,0.0,95.1156812339331,793.3902877697842,-90.90909090909105,4.733427696374136,0.11320754716981132,0.16981132075471697,0.1188475390156063,0.012746234067207318,0.19247626004382767
1d,stop_10,be_after_15,53,17,5300.0,2859.4632644646435,0.5395213706537063,0.7169811320754716,0.6470588235294118,53.639846743295024,0.583805101863432,0.0,104.16666666666674,793.3902877697842,-90.90909090909105,4.232022041677271,0.1509433962264151,0.03773584905660377,0.11946902654867264,0.017694063926940506,0.19247626004382767
1d,stop_10,be_after_20,53,17,5300.0,3142.5328509949077,0.5929307266028128,0.7547169811320755,0.6470588235294118,67.83310901749661,0.583805101863432,2.891217925551137,105.26315789473695,793.3902877697842,-90.90909090909105,4.55197269618081,0.1509433962264151,0.0,0.11946902654867264,0.017694063926940506,0.19247626004382767
1d,stop_10,be_after_5,53,17,5300.0,2317.374703649991,0.43724051012263976,0.4339622641509434,0.6470588235294118,0.0,0.4460845288442935,0.0,85.44839255499159,793.3902877697842,-90.90909090909105,7.095981800874559,0.07547169811320754,0.4528301886792453,0.09162303664921478,0.010714285714285676,0.19247626004382767
1d,stop_10,no_be,53,17,5300.0,3142.5328509949077,0.5929307266028128,0.7547169811320755,0.6470588235294118,67.83310901749661,0.583805101863432,2.891217925551137,105.26315789473695,793.3902877697842,-90.90909090909105,4.55197269618081,0.1509433962264151,0.0,0.11946902654867264,0.017694063926940506,0.19247626004382767
1d,stop_15,be_after_10,53,17,5300.0,2647.3856413980893,0.49950672479209235,0.6415094339622641,0.7058823529411765,42.2535211267605,0.46885787670133483,0.0,95.1156812339331,793.3902877697842,-130.43478260869568,4.666511198445773,0.05660377358490566,0.16981132075471697,0.1188475390156063,0.012746234067207318,0.19247626004382767
1d,stop_15,be_after_15,53,17,5300.0,2907.370264695879,0.5485604273011092,0.7358490566037735,0.7058823529411765,53.639846743295024,0.583805101863432,0.0,104.16666666666674,793.3902877697842,-130.43478260869568,4.307304740631973,0.07547169811320754,0.03773584905660377,0.11946902654867264,0.017694063926940506,0.21739130434782616
1d,stop_15,be_after_20,53,17,5300.0,3190.439851226143,0.6019697832502157,0.7735849056603774,0.7058823529411765,67.83310901749661,0.583805101863432,3.0737704918033515,105.26315789473695,793.3902877697842,-130.43478260869568,4.629313050625542,0.07547169811320754,0.0,0.11946902654867264,0.017694063926940506,0.21739130434782616
1d,stop_15,be_after_5,53,17,5300.0,2398.7191910683714,0.45258852661667387,0.4528301886792453,0.7058823529411765,0.0,0.4460845288442935,0.0,85.44839255499159,793.3902877697842,-130.43478260869568,8.03319278030083,0.03773584905660377,0.4528301886792453,0.09191489361702132,0.010714285714285676,0.19247626004382767
1d,stop_15,no_be,53,17,5300.0,3190.439851226143,0.6019697832502157,0.7735849056603774,0.7058823529411765,67.83310901749661,0.583805101863432,3.0737704918033515,105.26315789473695,793.3902877697842,-130.43478260869568,4.629313050625542,0.07547169811320754,0.0,0.11946902654867264,0.017694063926940506,0.21739130434782616
1d,stop_20,be_after_10,53,17,5300.0,2874.460365611937,0.5423510123796108,0.660377358490566,0.7647058823529411,42.2535211267605,0.46885787670133483,0.0,95.1156812339331,793.3902877697842,-166.66666666666663,6.778887735098724,0.018867924528301886,0.18867924528301888,0.1188475390156063,0.012746234067207318,0.21346770499312884
1d,stop_20,be_after_15,53,17,5300.0,3439.055416311109,0.6488783804360584,0.7735849056603774,0.8235294117647058,54.59387483355527,0.595614639876649,2.891217925551137,105.26315789473695,793.3902877697842,-166.66666666666663,5.979306113045489,0.03773584905660377,0.03773584905660377,0.12021857923497259,0.017694063926940506,0.21739130434782616
1d,stop_20,be_after_20,53,17,5300.0,3722.1250028413733,0.7022877363851647,0.8113207547169812,0.8235294117647058,70.21630615640606,0.595614639876649,9.677419354838568,108.10810810810811,793.3902877697842,-166.66666666666663,6.389154153278375,0.03773584905660377,0.0,0.12021857923497259,0.017694063926940506,0.21739130434782616
1d,stop_20,be_after_5,53,17,5300.0,2662.02579934019,0.5022690187434321,0.4716981132075472,0.7647058823529411,0.0,0.4460845288442935,0.0,85.44839255499159,793.3902877697842,-63.675832127351725,34.1975686553116,0.0,0.4716981132075472,0.09191489361702132,0.010714285714285676,0.19247626004382767
1d,stop_20,no_be,53,17,5300.0,3722.1250028413733,0.7022877363851647,0.8113207547169812,0.8235294117647058,70.21630615640606,0.595614639876649,9.677419354838568,108.10810810810811,793.3902877697842,-166.66666666666663,6.389154153278375,0.03773584905660377,0.0,0.12021857923497259,0.017694063926940506,0.21739130434782616
1d,stop_30,be_after_10,53,17,5300.0,2947.3121713404553,0.5560966361019727,0.660377358490566,0.7647058823529411,42.2535211267605,0.46885787670133483,0.0,95.1156812339331,793.3902877697842,-109.60854092526684,7.942114535093087,0.0,0.18867924528301888,0.1188475390156063,0.012746234067207318,0.21346770499312884
1d,stop_30,be_after_15,53,17,5300.0,3619.0943348029477,0.6828479876986694,0.7735849056603774,0.8235294117647058,54.59387483355527,0.595614639876649,2.891217925551137,105.26315789473695,793.3902877697842,-109.60854092526684,8.087498631922884,0.0,0.03773584905660377,0.12021857923497259,0.017694063926940506,0.23715415019762864
1d,stop_30,be_after_20,53,17,5300.0,3902.163921333212,0.7362573436477758,0.8113207547169812,0.8235294117647058,70.21630615640606,0.595614639876649,9.677419354838568,108.10810810810811,793.3902877697842,-109.60854092526684,8.64185149528406,0.0,0.0,0.12021857923497259,0.017694063926940506,0.23715415019762864
1d,stop_30,be_after_5,53,17,5300.0,2662.02579934019,0.5022690187434321,0.4716981132075472,0.7647058823529411,0.0,0.4460845288442935,0.0,85.44839255499159,793.3902877697842,-63.675832127351725,34.1975686553116,0.0,0.4716981132075472,0.09191489361702132,0.010714285714285676,0.19247626004382767
1d,stop_30,no_be,53,17,5300.0,3902.163921333212,0.7362573436477758,0.8113207547169812,0.8235294117647058,70.21630615640606,0.595614639876649,9.677419354838568,108.10810810810811,793.3902877697842,-109.60854092526684,8.64185149528406,0.0,0.0,0.12021857923497259,0.017694063926940506,0.23715415019762864
1d,stop_50,be_after_10,53,17,5300.0,2947.3121713404553,0.5560966361019727,0.660377358490566,0.7647058823529411,42.2535211267605,0.46885787670133483,0.0,95.1156812339331,793.3902877697842,-109.60854092526684,7.942114535093087,0.0,0.18867924528301888,0.1188475390156063,0.012746234067207318,0.21346770499312884
1d,stop_50,be_after_15,53,17,5300.0,3619.0943348029477,0.6828479876986694,0.7735849056603774,0.8235294117647058,54.59387483355527,0.595614639876649,2.891217925551137,105.26315789473695,793.3902877697842,-109.60854092526684,8.087498631922884,0.0,0.03773584905660377,0.12021857923497259,0.017694063926940506,0.23715415019762864
1d,stop_50,be_after_20,53,17,5300.0,3902.163921333212,0.7362573436477758,0.8113207547169812,0.8235294117647058,70.21630615640606,0.595614639876649,9.677419354838568,108.10810810810811,793.3902877697842,-109.60854092526684,8.64185149528406,0.0,0.0,0.12021857923497259,0.017694063926940506,0.23715415019762864
1d,stop_50,be_after_5,53,17,5300.0,2662.02579934019,0.5022690187434321,0.4716981132075472,0.7647058823529411,0.0,0.4460845288442935,0.0,85.44839255499159,793.3902877697842,-63.675832127351725,34.1975686553116,0.0,0.4716981132075472,0.09191489361702132,0.010714285714285676,0.19247626004382767
1d,stop_50,no_be,53,17,5300.0,3902.163921333212,0.7362573436477758,0.8113207547169812,0.8235294117647058,70.21630615640606,0.595614639876649,9.677419354838568,108.10810810810811,793.3902877697842,-109.60854092526684,8.64185149528406,0.0,0.0,0.12021857923497259,0.017694063926940506,0.23715415019762864
1h,no_stop,be_after_10,53,17,5300.0,1184.9912104551724,0.22358324725569292,0.7169811320754716,0.7647058823529411,18.151815181518096,0.20266791387842886,0.0,39.325842696629195,103.70370370370364,-26.119402985074647,13.036600866597567,0.0,0.11320754716981132,0.04504504504504503,0.008504058755315125,0.19247626004382767
1h,no_stop,be_after_15,53,17,5300.0,1664.9194781509439,0.3141357505945177,0.7924528301886793,0.8235294117647058,21.644467213114638,0.23041474654377894,6.79468242245207,43.71002132196167,136.58536585365866,-26.119402985074647,17.911493567812347,0.0,0.03773584905660377,0.04504504504504503,0.008504058755315125,0.19247626004382767
1h,no_stop,be_after_20,53,17,5300.0,2079.4447915780665,0.3923480738826541,0.8301886792452831,0.8235294117647058,24.038461538461675,0.23041474654377894,9.615384615384803,49.792531120331994,218.02325581395343,-26.119402985074647,22.122052855342414,0.0,0.0,0.04504504504504503,0.008504058755315125,0.19247626004382767
1h,no_stop,be_after_5,53,17,5300.0,698.553662849743,0.1318025778961779,0.5471698113207547,0.6470588235294118,6.79468242245207,0.09980324955572586,0.0,23.041474654377893,103.47705146036157,-26.119402985074647,8.09558986550829,0.0,0.2830188679245283,0.04504504504504503,0.008504058755315125,0.19247626004382767
1h,no_stop,no_be,53,17,5300.0,2079.4447915780665,0.3923480738826541,0.8301886792452831,0.8235294117647058,24.038461538461675,0.23041474654377894,9.615384615384803,49.792531120331994,218.02325581395343,-26.119402985074647,22.122052855342414,0.0,0.0,0.04504504504504503,0.008504058755315125,0.19247626004382767
1h,stop_10,be_after_10,53,17,5300.0,1094.0821195460815,0.20643058859360028,0.7169811320754716,0.7647058823529411,18.151815181518096,0.20266791387842886,0.0,39.325842696629195,103.70370370370364,-90.90909090909093,6.777847496566103,0.018867924528301886,0.09433962264150944,0.04504504504504503,0.008504058755315125,0.19247626004382767
1h,stop_10,be_after_15,53,17,5300.0,1457.3709092646916,0.27497564325748897,0.7735849056603774,0.7647058823529411,19.693654266958347,0.22294646953391856,6.493506493506551,43.33333333333322,136.58536585365866,-90.90909090909093,8.696375536378191,0.018867924528301886,0.03773584905660377,0.04504504504504503,0.008504058755315125,0.19247626004382767
1h,stop_10,be_after_20,53,17,5300.0,1871.8962226918138,0.35318796654562523,0.8113207547169812,0.7647058823529411,23.041474654377893,0.22294646953391856,7.194244604316502,48.19277108433728,218.02325581395343,-90.90909090909093,10.88548364961731,0.018867924528301886,0.0,0.04504504504504503,0.008504058755315125,0.19247626004382767
1h,stop_10,be_after_5,53,17,5300.0,607.6445719406521,0.1146499192340853,0.5471698113207547,0.6470588235294118,6.79468242245207,0.09980324955572586,0.0,23.041474654377893,103.47705146036157,-90.90909090909093,4.208970886249278,0.018867924528301886,0.2641509433962264,0.04504504504504503,0.008504058755315125,0.19247626004382767
1h,stop_10,no_be,53,17,5300.0,1871.8962226918138,0.35318796654562523,0.8113207547169812,0.7647058823529411,23.041474654377893,0.22294646953391856,7.194244604316502,48.19277108433728,218.02325581395343,-90.90909090909093,10.88548364961731,0.018867924528301886,0.0,0.04504504504504503,0.008504058755315125,0.19247626004382767
1h,stop_15,be_after_10,53,17,5300.0,1054.556427846477,0.19897291091442962,0.7169811320754716,0.7647058823529411,18.151815181518096,0.20266791387842886,0.0,39.325842696629195,103.70370370370364,-130.43478260869568,5.607388331612305,0.018867924528301886,0.09433962264150944,0.04504504504504503,0.008504058755315125,0.19247626004382767
1h,stop_15,be_after_15,53,17,5300.0,1417.8452175650868,0.26751796557831825,0.7735849056603774,0.7647058823529411,19.693654266958347,0.22294646953391856,6.493506493506551,43.33333333333322,136.58536585365866,-130.43478260869568,7.19460783599975,0.018867924528301886,0.03773584905660377,0.04504504504504503,0.008504058755315125,0.19247626004382767
1h,stop_15,be_after_20,53,17,5300.0,1832.370530992209,0.3457302888664545,0.8113207547169812,0.7647058823529411,23.041474654377893,0.22294646953391856,7.194244604316502,48.19277108433728,218.02325581395343,-130.43478260869568,9.005681233126774,0.018867924528301886,0.0,0.04504504504504503,0.008504058755315125,0.19247626004382767
1h,stop_15,be_after_5,53,17,5300.0,568.1188802410473,0.1071922415549146,0.5471698113207547,0.6470588235294118,6.79468242245207,0.09980324955572586,0.0,23.041474654377893,103.47705146036157,-130.43478260869568,3.4821282490654113,0.018867924528301886,0.2641509433962264,0.04504504504504503,0.008504058755315125,0.19247626004382767
1h,stop_15,no_be,53,17,5300.0,1832.370530992209,0.3457302888664545,0.8113207547169812,0.7647058823529411,23.041474654377893,0.22294646953391856,7.194244604316502,48.19277108433728,218.02325581395343,-130.43478260869568,9.005681233126774,0.018867924528301886,0.0,0.04504504504504503,0.008504058755315125,0.19247626004382767
1h,stop_20,be_after_10,53,17,5300.0,1184.9912104551724,0.22358324725569292,0.7169811320754716,0.7647058823529411,18.151815181518096,0.20266791387842886,0.0,39.325842696629195,103.70370370370364,-26.119402985074647,13.036600866597567,0.0,0.11320754716981132,0.04504504504504503,0.008504058755315125,0.19247626004382767
1h,stop_20,be_after_15,53,17,5300.0,1664.9194781509439,0.3141357505945177,0.7924528301886793,0.8235294117647058,21.644467213114638,0.23041474654377894,6.79468242245207,43.71002132196167,136.58536585365866,-26.119402985074647,17.911493567812347,0.0,0.03773584905660377,0.04504504504504503,0.008504058755315125,0.19247626004382767
1h,stop_20,be_after_20,53,17,5300.0,2079.4447915780665,0.3923480738826541,0.8301886792452831,0.8235294117647058,24.038461538461675,0.23041474654377894,9.615384615384803,49.792531120331994,218.02325581395343,-26.119402985074647,22.122052855342414,0.0,0.0,0.04504504504504503,0.008504058755315125,0.19247626004382767
1h,stop_20,be_after_5,53,17,5300.0,698.553662849743,0.1318025778961779,0.5471698113207547,0.6470588235294118,6.79468242245207,0.09980324955572586,0.0,23.041474654377893,103.47705146036157,-26.119402985074647,8.09558986550829,0.0,0.2830188679245283,0.04504504504504503,0.008504058755315125,0.19247626004382767
1h,stop_20,no_be,53,17,5300.0,2079.4447915780665,0.3923480738826541,0.8301886792452831,0.8235294117647058,24.038461538461675,0.23041474654377894,9.615384615384803,49.792531120331994,218.02325581395343,-26.119402985074647,22.122052855342414,0.0,0.0,0.04504504504504503,0.008504058755315125,0.19247626004382767
1h,stop_30,be_after_10,53,17,5300.0,1184.9912104551724,0.22358324725569292,0.7169811320754716,0.7647058823529411,18.151815181518096,0.20266791387842886,0.0,39.325842696629195,103.70370370370364,-26.119402985074647,13.036600866597567,0.0,0.11320754716981132,0.04504504504504503,0.008504058755315125,0.19247626004382767
1h,stop_30,be_after_15,53,17,5300.0,1664.9194781509439,0.3141357505945177,0.7924528301886793,0.8235294117647058,21.644467213114638,0.23041474654377894,6.79468242245207,43.71002132196167,136.58536585365866,-26.119402985074647,17.911493567812347,0.0,0.03773584905660377,0.04504504504504503,0.008504058755315125,0.19247626004382767
1h,stop_30,be_after_20,53,17,5300.0,2079.4447915780665,0.3923480738826541,0.8301886792452831,0.8235294117647058,24.038461538461675,0.23041474654377894,9.615384615384803,49.792531120331994,218.02325581395343,-26.119402985074647,22.122052855342414,0.0,0.0,0.04504504504504503,0.008504058755315125,0.19247626004382767
1h,stop_30,be_after_5,53,17,5300.0,698.553662849743,0.1318025778961779,0.5471698113207547,0.6470588235294118,6.79468242245207,0.09980324955572586,0.0,23.041474654377893,103.47705146036157,-26.119402985074647,8.09558986550829,0.0,0.2830188679245283,0.04504504504504503,0.008504058755315125,0.19247626004382767
1h,stop_30,no_be,53,17,5300.0,2079.4447915780665,0.3923480738826541,0.8301886792452831,0.8235294117647058,24.038461538461675,0.23041474654377894,9.615384615384803,49.792531120331994,218.02325581395343,-26.119402985074647,22.122052855342414,0.0,0.0,0.04504504504504503,0.008504058755315125,0.19247626004382767
1h,stop_50,be_after_10,53,17,5300.0,1184.9912104551724,0.22358324725569292,0.7169811320754716,0.7647058823529411,18.151815181518096,0.20266791387842886,0.0,39.325842696629195,103.70370370370364,-26.119402985074647,13.036600866597567,0.0,0.11320754716981132,0.04504504504504503,0.008504058755315125,0.19247626004382767
1h,stop_50,be_after_15,53,17,5300.0,1664.9194781509439,0.3141357505945177,0.7924528301886793,0.8235294117647058,21.644467213114638,0.23041474654377894,6.79468242245207,43.71002132196167,136.58536585365866,-26.119402985074647,17.911493567812347,0.0,0.03773584905660377,0.04504504504504503,0.008504058755315125,0.19247626004382767
1h,stop_50,be_after_20,53,17,5300.0,2079.4447915780665,0.3923480738826541,0.8301886792452831,0.8235294117647058,24.038461538461675,0.23041474654377894,9.615384615384803,49.792531120331994,218.02325581395343,-26.119402985074647,22.122052855342414,0.0,0.0,0.04504504504504503,0.008504058755315125,0.19247626004382767
1h,stop_50,be_after_5,53,17,5300.0,698.553662849743,0.1318025778961779,0.5471698113207547,0.6470588235294118,6.79468242245207,0.09980324955572586,0.0,23.041474654377893,103.47705146036157,-26.119402985074647,8.09558986550829,0.0,0.2830188679245283,0.04504504504504503,0.008504058755315125,0.19247626004382767
1h,stop_50,no_be,53,17,5300.0,2079.4447915780665,0.3923480738826541,0.8301886792452831,0.8235294117647058,24.038461538461675,0.23041474654377894,9.615384615384803,49.792531120331994,218.02325581395343,-26.119402985074647,22.122052855342414,0.0,0.0,0.04504504504504503,0.008504058755315125,0.19247626004382767
30d,no_stop,be_after_10,53,17,5300.0,14077.789337584636,2.6561866674687993,0.24528301886792453,0.4117647058823529,0.0,0.0,0.0,0.0,5562.5,-467.8899082568807,26.68487579156202,0.0,0.6981132075471698,0.20739064856711908,0.041158536585365946,4.396226415094339
30d,no_stop,be_after_15,53,17,5300.0,17278.04505911611,3.2600085017200207,0.41509433962264153,0.7058823529411765,0.0,2.435433702707006,0.0,233.72781065088753,5562.5,-467.8899082568807,21.025496379860595,0.0,0.5094339622641509,0.3214285714285714,0.08198757763975162,4.396226415094339
30d,no_stop,be_after_20,53,17,5300.0,21397.95569810788,4.037350131718467,0.5660377358490566,0.7058823529411765,146.26865671641775,2.893465171805253,0.0,454.54545454545456,5562.5,-467.8899082568807,19.18480640980586,0.0,0.33962264150943394,0.40756302521008414,0.12957317073170738,4.396226415094339
30d,no_stop,be_after_5,53,17,5300.0,6009.822278323934,1.1339287317592328,0.11320754716981132,0.29411764705882354,0.0,0.0,0.0,0.0,3456.424581005587,-36.88524590163933,163.9329595456712,0.0,0.8679245283018868,0.1117318435754191,0.012748756218905477,0.556527170518426
30d,no_stop,no_be,53,17,5300.0,33436.293931238964,6.308734704007351,0.7547169811320755,0.9411764705882353,233.72781065088753,4.285439239733958,8.917197452229297,656.3981042654028,8583.333333333334,-605.6034482758621,8.378366828604973,0.0,0.0,0.5048076923076923,0.23799795709908067,4.396226415094339
30d,stop_10,be_after_10,53,17,5300.0,13119.430708003985,2.475364284529054,0.22641509433962265,0.4117647058823529,0.0,0.0,-90.90909090909093,0.0,5562.5,-90.90909090909105,11.308124127717406,0.2641509433962264,0.5094339622641509,0.1648351648351647,0.041158536585365946,0.3908045977011494
30d,stop_10,be_after_15,53,17,5300.0,13099.144194733122,2.4715366405156836,0.24528301886792453,0.47058823529411764,0.0,0.0,-90.90909090909093,0.0,5562.5,-90.90909090909105,7.264808093133228,0.4339622641509434,0.32075471698113206,0.20606060606060606,0.08198757763975162,0.3908045977011494
30d,stop_10,be_after_20,53,17,5300.0,13347.668080938167,2.518427939799654,0.2830188679245283,0.47058823529411764,-90.90909090909093,0.0,-90.90909090909093,146.26865671641775,5562.5,-90.90909090909105,6.243726746082848,0.5283018867924528,0.18867924528301888,0.20606060606060606,0.10531914893617023,0.3908045977011494
30d,stop_10,be_after_5,53,17,5300.0,5410.343887861936,1.0208196014833841,0.11320754716981132,0.29411764705882354,0.0,0.0,0.0,0.0,3456.424581005587,-90.90909090909105,9.50196896664018,0.1320754716981132,0.7547169811320755,0.10000000000000009,0.012748756218905477,0.3908045977011494
30d,stop_10,no_be,53,17,5300.0,12783.496439971386,2.4119804603719595,0.32075471698113206,0.47058823529411764,-90.90909090909093,-0.17742403515317373,-90.90909090909093,146.26865671641775,5562.5,-90.90909090909105,4.90606835665792,0.6792452830188679,0.0,0.20606060606060606,0.1132075471698113,1.1888198757763973
30d,stop_15,be_after_10,53,17,5300.0,12957.375372035609,2.4447878060444546,0.22641509433962265,0.4117647058823529,0.0,0.0,0.0,0.0,5562.5,-130.43478260869568,10.030897986570276,0.20754716981132076,0.5660377358490566,0.19277108433734935,0.041158536585365946,0.4377358490566037
30d,stop_15,be_after_15,53,17,5300.0,12711.792416076998,2.398451399259811,0.24528301886792453,0.47058823529411764,0.0,0.0,-130.43478260869557,0.0,5562.5,-130.43478260869568,6.129319746838091,0.3584905660377358,0.39622641509433965,0.2148148148148148,0.08198757763975162,0.4377358490566037
30d,stop_15,be_after_20,53,17,5300.0,13370.600103870192,2.5227547365792815,0.3018867924528302,0.5294117647058824,0.0,0.26331037469692187,-130.43478260869557,158.19209039548034,5562.5,-130.43478260869568,5.4568667012900685,0.4339622641509434,0.2641509433962264,0.2735562310030395,0.12957317073170738,0.4377358490566037
30d,stop_15,be_after_5,53,17,5300.0,5524.968393790792,1.0424468667529796,0.11320754716981132,0.29411764705882354,0.0,0.0,0.0,0.0,3456.424581005587,-130.43478260869568,11.589522754765689,0.07547169811320754,0.8113207547169812,0.10977701543739271,0.012748756218905477,0.3908045977011494
30d,stop_15,no_be,53,17,5300.0,15779.6569419259,2.977293762627528,0.39622641509433965,0.5294117647058824,-130.43478260869557,0.28428093645485,-130.43478260869557,346.15384615384625,5562.5,-130.43478260869568,4.780542809003083,0.6037735849056604,0.0,0.3214285714285714,0.15765069551777433,1.1888198757763973
30d,stop_20,be_after_10,53,17,5300.0,12892.15798073126,2.4324826378738225,0.22641509433962265,0.4117647058823529,0.0,0.0,0.0,0.0,5562.5,-166.66666666666674,9.594771987154175,0.16981132075471697,0.6037735849056604,0.19277108433734935,0.041158536585365946,0.4377358490566037
30d,stop_20,be_after_15,53,17,5300.0,14037.035976412093,2.6484973540400176,0.2830188679245283,0.5882352941176471,0.0,0.5982905982905987,-166.66666666666652,146.26865671641775,5562.5,-166.66666666666674,6.61481439056484,0.2830188679245283,0.4339622641509434,0.2571942446043167,0.08198757763975162,0.4377358490566037
30d,stop_20,be_after_20,53,17,5300.0,14384.24946130674,2.7140093323220262,0.33962264150943394,0.6470588235294118,0.0,0.3766689394708718,-166.66666666666663,297.5814931650893,5562.5,-166.66666666666674,5.315274838392023,0.37735849056603776,0.2830188679245283,0.3283100107642627,0.12957317073170738,0.4377358490566037
30d,stop_20,be_after_5,53,17,5300.0,5713.37419089224,1.0779951303570265,0.11320754716981132,0.29411764705882354,0.0,0.0,0.0,0.0,3456.424581005587,-166.66666666666674,18.14012257267672,0.03773584905660377,0.8490566037735849,0.10977701543739271,0.012748756218905477,0.3908045977011494
30d,stop_20,no_be,53,17,5300.0,18185.16806078942,3.4311637850546073,0.4528301886792453,0.6470588235294118,-166.66666666666652,0.6545741324921133,-166.66666666666663,477.47747747747746,5562.5,-166.66666666666674,4.762448564301259,0.5471698113207547,0.0,0.3664921465968587,0.2098765432098766,1.1888198757763973
30d,stop_30,be_after_10,53,17,5300.0,12970.657350214236,2.4472938396630637,0.22641509433962265,0.4117647058823529,0.0,0.0,0.0,0.0,5562.5,-230.76923076923083,10.124623001747514,0.11320754716981132,0.6415094339622641,0.19277108433734935,0.041158536585365946,0.7241379310344829
30d,stop_30,be_after_15,53,17,5300.0,15153.82879137465,2.859212979504651,0.32075471698113206,0.6470588235294118,0.0,2.435433702707006,0.0,189.5052473763119,5562.5,-230.76923076923083,8.168970160513105,0.16981132075471697,0.49056603773584906,0.28231797919762247,0.08198757763975162,0.7241379310344829
30d,stop_30,be_after_20,53,17,5300.0,18941.698366592358,3.5739053521872375,0.4339622641509434,0.7058823529411765,0.0,2.435433702707006,0.0,454.54545454545456,5562.5,-230.76923076923083,8.355008840596273,0.20754716981132076,0.33962264150943394,0.40139709833422876,0.12957317073170738,0.9165378670788256
30d,stop_30,be_after_5,53,17,5300.0,5779.053047554704,1.0903873674631517,0.11320754716981132,0.29411764705882354,0.0,0.0,0.0,0.0,3456.424581005587,-230.76923076923083,22.591467923255028,0.018867924528301886,0.8490566037735849,0.10977701543739271,0.012748756218905477,0.3908045977011494
30d,stop_30,no_be,53,17,5300.0,22787.584661826102,4.299544275816245,0.5849056603773585,0.8235294117647058,146.26865671641775,4.00363875784694,-230.76923076923072,594.5179584120983,5562.5,-230.76923076923083,5.666680776506707,0.39622641509433965,0.0,0.48436502871729425,0.23799795709908067,1.1888198757763973
30d,stop_50,be_after_10,53,17,5300.0,13021.939401496287,2.456969698395526,0.22641509433962265,0.4117647058823529,0.0,0.0,0.0,0.0,5562.5,-333.33333333333337,10.503548994910547,0.07547169811320754,0.6792452830188679,0.19277108433734935,0.041158536585365946,0.7241379310344829
30d,stop_50,be_after_15,53,17,5300.0,16203.567672047368,3.05727691925422,0.39622641509433965,0.7058823529411765,0.0,2.435433702707006,0.0,231.40495867768607,5562.5,-333.33333333333337,10.511637157929968,0.09433962264150944,0.49056603773584906,0.3214285714285714,0.08198757763975162,0.7241379310344829
30d,stop_50,be_after_20,53,17,5300.0,20128.559572922433,3.7978414288532893,0.5283018867924528,0.7647058823529411,34.28997390980237,2.435433702707006,0.0,454.54545454545456,5562.5,-333.33333333333337,10.882029247068555,0.11320754716981132,0.33962264150943394,0.40756302521008414,0.12957317073170738,0.9165378670788256
30d,stop_50,be_after_5,53,17,5300.0,5676.4889449906,1.0710356499982265,0.11320754716981132,0.29411764705882354,0.0,0.0,0.0,0.0,3456.424581005587,-333.33333333333326,16.332804087576093,0.018867924528301886,0.8490566037735849,0.10977701543739271,0.012748756218905477,0.556527170518426
30d,stop_50,no_be,53,17,5300.0,24233.85368296207,4.572425223200391,0.6981132075471698,0.9411764705882353,190.11406844106472,4.594333579699434,-333.33333333333326,597.9381443298968,5562.5,-333.33333333333337,6.110936821976593,0.2641509433962264,0.0,0.5048076923076923,0.23799795709908067,1.1888198757763973
3d,no_stop,be_after_10,53,17,5300.0,2713.7208727786306,0.5120228061846472,0.5283018867924528,0.7058823529411765,17.54385964912286,0.5714285714285716,0.0,106.62824207492783,831.6877152698046,-655.3966189856957,3.426605951192633,0.0,0.3018867924528302,0.13298791018998268,0.021185909489783272,1.9773584905660377
3d,no_stop,be_after_15,53,17,5300.0,3862.296908077482,0.7287352656749966,0.660377358490566,0.7647058823529411,62.397372742200254,0.6928331703944993,0.0,129.03225806451601,836.351441985245,-655.3966189856957,3.74931112863394,0.0,0.09433962264150944,0.15185830429732872,0.04020100502512558,1.9773584905660377
3d,no_stop,be_after_20,53,17,5300.0,4710.810319253367,0.8888321357081825,0.7169811320754716,0.8823529411764706,69.89247311827972,0.7542583845063766,-1.1574074074074403,137.41438356164392,836.351441985245,-655.3966189856957,4.291650451538581,0.0,0.018867924528301886,0.15185830429732872,0.040983606557376984,1.9773584905660377
3d,no_stop,be_after_5,53,17,5300.0,2720.758998267484,0.5133507543900914,0.33962264150943394,0.5882352941176471,0.0,0.26657060518731956,0.0,94.3396226415092,831.6877152698046,-163.09461578672247,13.57066718489617,0.0,0.6037735849056604,0.10977701543739271,0.010928961748633892,0.23797626483447853
3d,no_stop,no_be,53,17,5300.0,4925.303072876555,0.9293024665804821,0.7358490566037735,0.8823529411764706,75.38461538461539,0.7542583845063766,-1.1574074074074403,141.30434782608714,836.351441985245,-655.3966189856957,4.441525976441358,0.0,0.0,0.15185830429732872,0.040983606557376984,1.9773584905660377
3d,stop_10,be_after_10,53,17,5300.0,2746.2302732923445,0.5181566553381782,0.4716981132075472,0.7058823529411765,0.0,0.35929018916354694,0.0,106.62824207492783,831.6877152698046,-90.90909090909105,4.018621403972772,0.16981132075471697,0.2830188679245283,0.13298791018998268,0.021185909489783272,0.25473521453420966
3d,stop_10,be_after_15,53,17,5300.0,2946.1367695798235,0.5558748621848724,0.5660377358490566,0.7647058823529411,41.626016260162714,0.3524498156362225,-47.70075497597792,123.18840579710155,831.6877152698046,-90.90909090909105,3.355436498144528,0.22641509433962265,0.09433962264150944,0.14970059880239517,0.04020100502512558,0.25473521453420966
3d,stop_10,be_after_20,53,17,5300.0,2852.324854176423,0.5381745007880043,0.5849056603773585,0.7647058823529411,54.59387483355527,0.3524498156362225,-90.90909090909093,129.03225806451601,831.6877152698046,-90.90909090909105,2.8722075045054436,0.2830188679245283,0.018867924528301886,0.14970059880239517,0.040983606557376984,0.25473521453420966
3d,stop_10,be_after_5,53,17,5300.0,2310.4039374514828,0.4359252712172609,0.3018867924528302,0.5882352941176471,0.0,0.24419911061705457,0.0,94.3396226415092,831.6877152698046,-90.90909090909105,5.549042557418785,0.09433962264150944,0.5660377358490566,0.10000000000000009,0.010928961748633892,0.19247626004382767
3d,stop_10,no_be,53,17,5300.0,3066.8176077996113,0.578644831660304,0.6037735849056604,0.7647058823529411,65.3266331658291,0.3524498156362225,-90.90909090909093,133.35550382440965,831.6877152698046,-90.90909090909105,3.0129961465871378,0.2830188679245283,0.0,0.14970059880239517,0.040983606557376984,0.25473521453420966
3d,stop_15,be_after_10,53,17,5300.0,2770.9088430983516,0.5228129892638399,0.5094339622641509,0.6470588235294118,16.666666666666607,0.4261786933955722,0.0,106.62824207492783,831.6877152698046,-130.43478260869568,3.7581531314990277,0.1320754716981132,0.2830188679245283,0.13298791018998268,0.021185909489783272,0.4377358490566037
3d,stop_15,be_after_15,53,17,5300.0,3040.476515103805,0.5736748141705292,0.6226415094339622,0.7647058823529411,57.80346820809257,0.4261786933955722,-5.641748942172065,123.18840579710155,831.6877152698046,-130.43478260869568,3.2795841325094277,0.16981132075471697,0.09433962264150944,0.14970059880239517,0.04020100502512558,0.4377358490566037
3d,stop_15,be_after_20,53,17,5300.0,3028.4147803285655,0.5713990151563331,0.660377358490566,0.7058823529411765,65.3266331658291,0.4261786933955722,-37.081339712918606,129.03225806451601,831.6877152698046,-130.43478260869568,2.899103220189464,0.20754716981132076,0.018867924528301886,0.14970059880239517,0.040983606557376984,0.4377358490566037
3d,stop_15,be_after_5,53,17,5300.0,2436.0424169130515,0.45963064470057574,0.32075471698113206,0.5294117647058824,0.0,0.24419911061705457,0.0,94.3396226415092,831.6877152698046,-130.43478260869568,6.478600393451736,0.05660377358490566,0.5849056603773585,0.10977701543739271,0.010928961748633892,0.19247626004382767
3d,stop_15,no_be,53,17,5300.0,3242.9075339517535,0.6118693460286327,0.6792452830188679,0.7647058823529411,67.61177753544168,0.4261786933955722,-37.081339712918606,133.35550382440965,831.6877152698046,-130.43478260869568,3.033610514817351,0.20754716981132076,0.0,0.14970059880239517,0.040983606557376984,0.4377358490566037
3d,stop_20,be_after_10,53,17,5300.0,2907.125837340956,0.5485143089322558,0.5283018867924528,0.7058823529411765,17.54385964912286,0.5714285714285716,0.0,106.62824207492783,831.6877152698046,-166.66666666666663,4.143128983435201,0.09433962264150944,0.3018867924528302,0.13298791018998268,0.021185909489783272,0.4377358490566037
3d,stop_20,be_after_15,53,17,5300.0,3940.5811832157124,0.7435058836256061,0.660377358490566,0.8235294117647058,62.397372742200254,0.6928331703944993,0.0,129.03225806451601,836.351441985245,-166.66666666666663,3.9705726611982533,0.1320754716981132,0.09433962264150944,0.15185830429732872,0.04020100502512558,0.4377358490566037
3d,stop_20,be_after_20,53,17,5300.0,3856.0556803245313,0.7275576755329304,0.6981132075471698,0.7647058823529411,67.61177753544168,0.6928331703944993,-5.641748942172065,133.35550382440965,836.351441985245,-166.66666666666674,3.3231034452127175,0.16981132075471697,0.018867924528301886,0.15185830429732872,0.040983606557376984,0.4377358490566037
3d,stop_20,be_after_5,53,17,5300.0,2717.18694738754,0.512676782525951,0.33962264150943394,0.5882352941176471,0.0,0.26657060518731956,0.0,94.3396226415092,831.6877152698046,-166.66666666666663,13.350334943606482,0.018867924528301886,0.6037735849056604,0.10977701543739271,0.010928961748633892,0.22423485321673975
3d,stop_20,no_be,53,17,5300.0,4070.5484339477193,0.7680280064052301,0.7169811320754716,0.8235294117647058,69.89247311827972,0.6928331703944993,-5.641748942172065,137.41438356164392,836.351441985245,-166.66666666666674,3.4523258673519264,0.16981132075471697,0.0,0.15185830429732872,0.040983606557376984,0.4377358490566037
3d,stop_30,be_after_10,53,17,5300.0,3036.409113791324,0.5729073799606272,0.5283018867924528,0.7058823529411765,17.54385964912286,0.5714285714285716,0.0,106.62824207492783,831.6877152698046,-230.76923076923083,4.816351975544853,0.03773584905660377,0.3018867924528302,0.13298791018998268,0.021185909489783272,0.4377358490566037
3d,stop_30,be_after_15,53,17,5300.0,4123.556381779055,0.7780295059960481,0.660377358490566,0.7058823529411765,62.397372742200254,0.6928331703944993,0.0,129.03225806451601,836.351441985245,-230.76923076923083,4.605881483819879,0.05660377358490566,0.09433962264150944,0.15185830429732872,0.04020100502512558,0.4377358490566037
3d,stop_30,be_after_20,53,17,5300.0,4972.069792954941,0.9381263760292341,0.7169811320754716,0.8235294117647058,69.89247311827972,0.7542583845063766,-1.1574074074074403,137.41438356164392,836.351441985245,-230.76923076923083,5.250068841345334,0.05660377358490566,0.018867924528301886,0.15185830429732872,0.040983606557376984,0.4377358490566037
3d,stop_30,be_after_5,53,17,5300.0,2720.758998267484,0.5133507543900914,0.33962264150943394,0.5882352941176471,0.0,0.26657060518731956,0.0,94.3396226415092,831.6877152698046,-163.09461578672247,13.57066718489617,0.0,0.6037735849056604,0.10977701543739271,0.010928961748633892,0.23797626483447853
3d,stop_30,no_be,53,17,5300.0,5186.562546578129,0.9785967069015337,0.7358490566037735,0.8235294117647058,75.38461538461539,0.7542583845063766,-1.1574074074074403,141.30434782608714,836.351441985245,-230.76923076923083,5.43341481331056,0.05660377358490566,0.0,0.15185830429732872,0.040983606557376984,0.4377358490566037
3d,stop_50,be_after_10,53,17,5300.0,2831.280908663119,0.5342039450307772,0.5283018867924528,0.6470588235294118,17.54385964912286,0.5714285714285716,0.0,106.62824207492783,831.6877152698046,-333.33333333333337,3.829132145879152,0.03773584905660377,0.3018867924528302,0.13298791018998268,0.021185909489783272,0.580335731414868
3d,stop_50,be_after_15,53,17,5300.0,3815.864074086747,0.719974353601273,0.660377358490566,0.7058823529411765,62.397372742200254,0.6928331703944993,0.0,129.03225806451601,836.351441985245,-333.33333333333337,3.6293522102719895,0.05660377358490566,0.09433962264150944,0.15185830429732872,0.04020100502512558,0.580335731414868
3d,stop_50,be_after_20,53,17,5300.0,4664.377485262632,0.8800712236344589,0.7169811320754716,0.8235294117647058,69.89247311827972,0.7542583845063766,-1.1574074074074403,137.41438356164392,836.351441985245,-333.33333333333337,4.156784959333956,0.05660377358490566,0.018867924528301886,0.15185830429732872,0.040983606557376984,0.580335731414868
3d,stop_50,be_after_5,53,17,5300.0,2720.758998267484,0.5133507543900914,0.33962264150943394,0.5882352941176471,0.0,0.26657060518731956,0.0,94.3396226415092,831.6877152698046,-163.09461578672247,13.57066718489617,0.0,0.6037735849056604,0.10977701543739271,0.010928961748633892,0.23797626483447853
3d,stop_50,no_be,53,17,5300.0,4878.870238885822,0.9205415545067589,0.7358490566037735,0.8235294117647058,75.38461538461539,0.7542583845063766,-1.1574074074074403,141.30434782608714,836.351441985245,-333.33333333333337,4.301950632709055,0.05660377358490566,0.0,0.15185830429732872,0.040983606557376984,0.580335731414868
4h,no_stop,be_after_10,53,17,5300.0,2050.9070192936724,0.3869635885459759,0.7358490566037735,0.8823529411764706,31.476997578692377,0.26462826321222993,0.0,57.01754385964919,403.660038711948,-27.77777777777779,20.890119900454643,0.0,0.1320754716981132,0.05967336683417068,0.00943396226415083,0.19247626004382767
4h,no_stop,be_after_15,53,17,5300.0,2492.666784731618,0.47031448768521095,0.8113207547169812,0.9411764705882353,36.90514729685979,0.4228190840327469,6.506710044733577,64.63878326996198,403.660038711948,-27.77777777777779,21.1009567215337,0.0,0.03773584905660377,0.05967336683417068,0.00943396226415083,0.19247626004382767
4h,no_stop,be_after_20,53,17,5300.0,2894.6861316259324,0.5461671946464023,0.8490566037735849,0.9411764705882353,41.91616766467065,0.4823889739663079,10.53864168618257,71.06164383561642,403.660038711948,-27.77777777777779,24.342855535543023,0.0,0.0,0.05967336683417068,0.00943396226415083,0.19247626004382767
4h,no_stop,be_after_5,53,17,5300.0,1528.035052459089,0.28830850046397904,0.5660377358490566,0.7058823529411765,7.87401574803126,0.23289247979470074,0.0,41.91616766467065,403.660038711948,-27.77777777777779,15.819199563701327,0.0,0.3018867924528302,0.05967336683417068,0.00943396226415083,0.19247626004382767
4h,no_stop,no_be,53,17,5300.0,2894.6861316259324,0.5461671946464023,0.8490566037735849,0.9411764705882353,41.91616766467065,0.4823889739663079,10.53864168618257,71.06164383561642,403.660038711948,-27.77777777777779,24.342855535543023,0.0,0.0,0.05967336683417068,0.00943396226415083,0.19247626004382767
4h,stop_10,be_after_10,53,17,5300.0,1959.9979283845812,0.36981092988388325,0.7358490566037735,0.8823529411764706,31.476997578692377,0.26462826321222993,0.0,57.01754385964919,403.660038711948,-90.90909090909093,11.101991773163418,0.018867924528301886,0.11320754716981132,0.05967336683417068,0.00943396226415083,0.19247626004382767
4h,stop_10,be_after_15,53,17,5300.0,2353.518796425896,0.444060150269037,0.7924528301886793,0.8823529411764706,33.94255874673635,0.4178929055260464,6.439393939394078,64.63878326996198,403.660038711948,-90.90909090909093,11.95085403203831,0.018867924528301886,0.03773584905660377,0.05967336683417068,0.00943396226415083,0.19247626004382767
4h,stop_10,be_after_20,53,17,5300.0,2755.5381433202106,0.5199128572302284,0.8301886792452831,0.8823529411764706,37.18674211802742,0.4178929055260464,7.87401574803126,71.06164383561642,403.660038711948,-90.90909090909093,13.821438279158272,0.018867924528301886,0.0,0.05967336683417068,0.00943396226415083,0.19247626004382767
4h,stop_10,be_after_5,53,17,5300.0,1437.125961549998,0.2711558418018864,0.5660377358490566,0.7058823529411765,7.87401574803126,0.23289247979470074,0.0,41.91616766467065,403.660038711948,-90.90909090909093,8.407066318964509,0.018867924528301886,0.2830188679245283,0.05967336683417068,0.00943396226415083,0.19247626004382767
4h,stop_10,no_be,53,17,5300.0,2755.5381433202106,0.5199128572302284,0.8301886792452831,0.8823529411764706,37.18674211802742,0.4178929055260464,7.87401574803126,71.06164383561642,403.660038711948,-90.90909090909093,13.821438279158272,0.018867924528301886,0.0,0.05967336683417068,0.00943396226415083,0.19247626004382767
4h,stop_15,be_after_10,53,17,5300.0,1920.4722366849765,0.36235325220471254,0.7358490566037735,0.8823529411764706,31.476997578692377,0.26462826321222993,0.0,57.01754385964919,403.660038711948,-130.43478260869568,9.223078328815854,0.018867924528301886,0.11320754716981132,0.05967336683417068,0.00943396226415083,0.19247626004382767
4h,stop_15,be_after_15,53,17,5300.0,2313.993104726291,0.4366024725898663,0.7924528301886793,0.8823529411764706,33.94255874673635,0.4178929055260464,6.439393939394078,64.63878326996198,403.660038711948,-130.43478260869568,10.094377946969825,0.018867924528301886,0.03773584905660377,0.05967336683417068,0.00943396226415083,0.19247626004382767
4h,stop_15,be_after_20,53,17,5300.0,2716.0124516206056,0.5124551795510577,0.8301886792452831,0.8823529411764706,37.18674211802742,0.4178929055260464,7.87401574803126,71.06164383561642,403.660038711948,-130.43478260869568,11.674380875752679,0.018867924528301886,0.0,0.05967336683417068,0.00943396226415083,0.19247626004382767
4h,stop_15,be_after_5,53,17,5300.0,1397.6002698503935,0.26369816412271574,0.5660377358490566,0.7058823529411765,7.87401574803126,0.23289247979470074,0.0,41.91616766467065,403.660038711948,-130.43478260869568,6.984245057971716,0.018867924528301886,0.2830188679245283,0.05967336683417068,0.00943396226415083,0.19247626004382767
4h,stop_15,no_be,53,17,5300.0,2716.0124516206056,0.5124551795510577,0.8301886792452831,0.8823529411764706,37.18674211802742,0.4178929055260464,7.87401574803126,71.06164383561642,403.660038711948,-130.43478260869568,11.674380875752679,0.018867924528301886,0.0,0.05967336683417068,0.00943396226415083,0.19247626004382767
4h,stop_20,be_after_10,53,17,5300.0,2050.9070192936724,0.3869635885459759,0.7358490566037735,0.8823529411764706,31.476997578692377,0.26462826321222993,0.0,57.01754385964919,403.660038711948,-27.77777777777779,20.890119900454643,0.0,0.1320754716981132,0.05967336683417068,0.00943396226415083,0.19247626004382767
4h,stop_20,be_after_15,53,17,5300.0,2492.666784731618,0.47031448768521095,0.8113207547169812,0.9411764705882353,36.90514729685979,0.4228190840327469,6.506710044733577,64.63878326996198,403.660038711948,-27.77777777777779,21.1009567215337,0.0,0.03773584905660377,0.05967336683417068,0.00943396226415083,0.19247626004382767
4h,stop_20,be_after_20,53,17,5300.0,2894.6861316259324,0.5461671946464023,0.8490566037735849,0.9411764705882353,41.91616766467065,0.4823889739663079,10.53864168618257,71.06164383561642,403.660038711948,-27.77777777777779,24.342855535543023,0.0,0.0,0.05967336683417068,0.00943396226415083,0.19247626004382767
4h,stop_20,be_after_5,53,17,5300.0,1528.035052459089,0.28830850046397904,0.5660377358490566,0.7058823529411765,7.87401574803126,0.23289247979470074,0.0,41.91616766467065,403.660038711948,-27.77777777777779,15.819199563701327,0.0,0.3018867924528302,0.05967336683417068,0.00943396226415083,0.19247626004382767
4h,stop_20,no_be,53,17,5300.0,2894.6861316259324,0.5461671946464023,0.8490566037735849,0.9411764705882353,41.91616766467065,0.4823889739663079,10.53864168618257,71.06164383561642,403.660038711948,-27.77777777777779,24.342855535543023,0.0,0.0,0.05967336683417068,0.00943396226415083,0.19247626004382767
4h,stop_30,be_after_10,53,17,5300.0,2050.9070192936724,0.3869635885459759,0.7358490566037735,0.8823529411764706,31.476997578692377,0.26462826321222993,0.0,57.01754385964919,403.660038711948,-27.77777777777779,20.890119900454643,0.0,0.1320754716981132,0.05967336683417068,0.00943396226415083,0.19247626004382767
4h,stop_30,be_after_15,53,17,5300.0,2492.666784731618,0.47031448768521095,0.8113207547169812,0.9411764705882353,36.90514729685979,0.4228190840327469,6.506710044733577,64.63878326996198,403.660038711948,-27.77777777777779,21.1009567215337,0.0,0.03773584905660377,0.05967336683417068,0.00943396226415083,0.19247626004382767
4h,stop_30,be_after_20,53,17,5300.0,2894.6861316259324,0.5461671946464023,0.8490566037735849,0.9411764705882353,41.91616766467065,0.4823889739663079,10.53864168618257,71.06164383561642,403.660038711948,-27.77777777777779,24.342855535543023,0.0,0.0,0.05967336683417068,0.00943396226415083,0.19247626004382767
4h,stop_30,be_after_5,53,17,5300.0,1528.035052459089,0.28830850046397904,0.5660377358490566,0.7058823529411765,7.87401574803126,0.23289247979470074,0.0,41.91616766467065,403.660038711948,-27.77777777777779,15.819199563701327,0.0,0.3018867924528302,0.05967336683417068,0.00943396226415083,0.19247626004382767
4h,stop_30,no_be,53,17,5300.0,2894.6861316259324,0.5461671946464023,0.8490566037735849,0.9411764705882353,41.91616766467065,0.4823889739663079,10.53864168618257,71.06164383561642,403.660038711948,-27.77777777777779,24.342855535543023,0.0,0.0,0.05967336683417068,0.00943396226415083,0.19247626004382767
4h,stop_50,be_after_10,53,17,5300.0,2050.9070192936724,0.3869635885459759,0.7358490566037735,0.8823529411764706,31.476997578692377,0.26462826321222993,0.0,57.01754385964919,403.660038711948,-27.77777777777779,20.890119900454643,0.0,0.1320754716981132,0.05967336683417068,0.00943396226415083,0.19247626004382767
4h,stop_50,be_after_15,53,17,5300.0,2492.666784731618,0.47031448768521095,0.8113207547169812,0.9411764705882353,36.90514729685979,0.4228190840327469,6.506710044733577,64.63878326996198,403.660038711948,-27.77777777777779,21.1009567215337,0.0,0.03773584905660377,0.05967336683417068,0.00943396226415083,0.19247626004382767
4h,stop_50,be_after_20,53,17,5300.0,2894.6861316259324,0.5461671946464023,0.8490566037735849,0.9411764705882353,41.91616766467065,0.4823889739663079,10.53864168618257,71.06164383561642,403.660038711948,-27.77777777777779,24.342855535543023,0.0,0.0,0.05967336683417068,0.00943396226415083,0.19247626004382767
4h,stop_50,be_after_5,53,17,5300.0,1528.035052459089,0.28830850046397904,0.5660377358490566,0.7058823529411765,7.87401574803126,0.23289247979470074,0.0,41.91616766467065,403.660038711948,-27.77777777777779,15.819199563701327,0.0,0.3018867924528302,0.05967336683417068,0.00943396226415083,0.19247626004382767
4h,stop_50,no_be,53,17,5300.0,2894.6861316259324,0.5461671946464023,0.8490566037735849,0.9411764705882353,41.91616766467065,0.4823889739663079,10.53864168618257,71.06164383561642,403.660038711948,-27.77777777777779,24.342855535543023,0.0,0.0,0.05967336683417068,0.00943396226415083,0.19247626004382767
60d,no_stop,be_after_10,53,17,5300.0,26775.345755303184,5.0519520293024875,0.20754716981132076,0.4117647058823529,0.0,0.0,0.0,0.0,8063.829787234044,-238.5581206966384,75.42345874202014,0.0,0.7547169811320755,0.20739064856711908,0.04324324324324347,4.396226415094339
60d,no_stop,be_after_15,53,17,5300.0,40876.554485631175,7.71255745011909,0.32075471698113206,0.6470588235294118,0.0,2.2756060275169254,0.0,455.1212055033851,8464.285714285716,-238.5581206966384,75.99116641116508,0.0,0.6226415094339622,0.39303482587064664,0.08198757763975162,4.396226415094339
60d,no_stop,be_after_20,53,17,5300.0,46241.23207938733,8.724760769695722,0.41509433962264153,0.6470588235294118,0.0,2.893465171805253,0.0,597.9381443298968,8464.285714285716,-371.42857142857144,38.58211284591689,0.0,0.49056603773584906,0.5048076923076923,0.12957317073170738,4.396226415094339
60d,no_stop,be_after_5,53,17,5300.0,14139.58236784056,2.6678457297812375,0.09433962264150944,0.23529411764705882,0.0,0.0,0.0,0.0,8063.829787234044,-238.5581206966384,60.27101675076117,0.0,0.8867924528301887,0.1117318435754191,0.012748756218905477,0.556527170518426
60d,no_stop,no_be,53,17,5300.0,73259.34185153678,13.822517330478638,0.7358490566037735,0.8823529411764706,455.1212055033851,4.477634768007204,-118.33602584814219,1152.5157232704405,11208.695652173914,-645.2762923351158,19.551068722507445,0.0,0.0,0.7384823848238482,0.29729729729729737,14.954773869346733
60d,stop_10,be_after_10,53,17,5300.0,25628.66091383378,4.835596398836563,0.18867924528301888,0.4117647058823529,0.0,0.0,-90.90909090909093,0.0,8063.829787234044,-90.90909090909105,21.136805003726526,0.2641509433962264,0.5471698113207547,0.1648351648351647,0.04324324324324347,0.3908045977011494
60d,stop_10,be_after_15,53,17,5300.0,25265.600301155344,4.767094396444405,0.20754716981132076,0.47058823529411764,0.0,0.0,-90.90909090909093,0.0,8063.829787234044,-90.90909090909105,13.083547970117769,0.4339622641509434,0.3584905660377358,0.20606060606060606,0.08198757763975162,0.3908045977011494
60d,stop_10,be_after_20,53,17,5300.0,25802.127261374615,4.868325898372569,0.24528301886792453,0.5294117647058824,-90.90909090909093,0.1989694711887367,-90.90909090909093,0.0,8063.829787234044,-90.90909090909105,11.13654999554002,0.5283018867924528,0.22641509433962265,0.20606060606060606,0.10531914893617023,0.3908045977011494
60d,stop_10,be_after_5,53,17,5300.0,13741.776852173562,2.5927880853157665,0.09433962264150944,0.23529411764705882,0.0,0.0,0.0,0.0,8063.829787234044,-90.90909090909105,22.594220767701295,0.1320754716981132,0.7735849056603774,0.10000000000000009,0.012748756218905477,0.3908045977011494
60d,stop_10,no_be,53,17,5300.0,25040.493833074514,4.724621477938587,0.2641509433962264,0.5882352941176471,-90.90909090909093,0.16020202020201915,-90.90909090909093,119.26605504587174,8063.829787234044,-90.90909090909105,8.062703388815885,0.7358490566037735,0.0,0.20606060606060606,0.1132075471698113,1.1888198757763973
60d,stop_15,be_after_10,53,17,5300.0,25466.6055778654,4.805019920351962,0.18867924528301888,0.4117647058823529,0.0,0.0,0.0,0.0,8063.829787234044,-130.43478260869568,18.749452372451657,0.20754716981132076,0.6037735849056604,0.19277108433734935,0.04324324324324347,0.4377358490566037
60d,stop_15,be_after_15,53,17,5300.0,24878.24852249922,4.694009155188532,0.20754716981132076,0.47058823529411764,0.0,0.0,-130.43478260869557,0.0,8063.829787234044,-130.43478260869568,11.038591509078643,0.3584905660377358,0.4339622641509434,0.2148148148148148,0.08198757763975162,0.4377358490566037
60d,stop_15,be_after_20,53,17,5300.0,28096.15323540059,5.301160987811432,0.2641509433962264,0.5294117647058824,0.0,0.06557026170257146,-130.43478260869557,119.26605504587174,8063.829787234044,-130.43478260869568,10.365384411800205,0.4339622641509434,0.3018867924528302,0.2735562310030395,0.12957317073170738,0.4377358490566037
60d,stop_15,be_after_5,53,17,5300.0,13856.401358102416,2.6144153505853613,0.09433962264150944,0.23529411764705882,0.0,0.0,0.0,0.0,8063.829787234044,-130.43478260869568,27.558102603029642,0.07547169811320754,0.8301886792452831,0.10977701543739271,0.012748756218905477,0.3908045977011494
60d,stop_15,no_be,53,17,5300.0,29981.065523584795,5.656804815770716,0.33962264150943394,0.5882352941176471,-130.43478260869557,0.7508140203026242,-130.43478260869557,440.40574809805565,8063.829787234044,-130.43478260869568,7.567281019451912,0.660377358490566,0.0,0.3214285714285714,0.16475095785440597,1.1888198757763973
60d,stop_20,be_after_10,53,17,5300.0,25401.388186561053,4.792714752181331,0.18867924528301888,0.4117647058823529,0.0,0.0,0.0,0.0,8063.829787234044,-166.66666666666674,17.93425879104071,0.16981132075471697,0.6415094339622641,0.19277108433734935,0.04324324324324347,0.4377358490566037
60d,stop_20,be_after_15,53,17,5300.0,26009.02511533488,4.907363229308468,0.22641509433962265,0.5294117647058824,0.0,0.25578765300691886,-166.66666666666652,0.0,8063.829787234044,-166.66666666666674,11.403610046133956,0.2830188679245283,0.49056603773584906,0.2571942446043167,0.08198757763975162,0.4377358490566037
60d,stop_20,be_after_20,53,17,5300.0,28915.335625337695,5.455723702893905,0.2830188679245283,0.5882352941176471,0.0,0.04745431967358556,-166.66666666666663,346.15384615384625,8063.829787234044,-166.66666666666674,9.674600687601313,0.37735849056603776,0.33962264150943394,0.33333333333333326,0.12957317073170738,0.4377358490566037
60d,stop_20,be_after_5,53,17,5300.0,14044.807155203864,2.6499636141894083,0.09433962264150944,0.23529411764705882,0.0,0.0,0.0,0.0,8063.829787234044,-166.66666666666674,43.134421465611595,0.03773584905660377,0.8679245283018868,0.10977701543739271,0.012748756218905477,0.3908045977011494
60d,stop_20,no_be,53,17,5300.0,31916.747356108302,6.022027803039302,0.37735849056603776,0.6470588235294118,-166.66666666666663,1.956777648909067,-166.66666666666663,519.1308455361361,8063.829787234044,-166.66666666666674,6.803044973837876,0.6226415094339622,0.0,0.39303482587064664,0.2151208106001561,1.1888198757763973
60d,stop_30,be_after_10,53,17,5300.0,25286.00357117644,4.77094407003329,0.18867924528301888,0.4117647058823529,0.0,0.0,0.0,0.0,8063.829787234044,-230.76923076923083,16.653240305966364,0.1320754716981132,0.6792452830188679,0.19277108433734935,0.04324324324324347,0.7241379310344829
60d,stop_30,be_after_15,53,17,5300.0,27492.704801984863,5.1873027928273325,0.24528301886792453,0.5882352941176471,0.0,0.3846153846153851,0.0,0.0,8063.829787234044,-230.76923076923083,12.913505414193443,0.18867924528301888,0.5660377358490566,0.3214285714285714,0.08198757763975162,0.7241379310344829
60d,stop_30,be_after_20,53,17,5300.0,33081.164340201634,6.241729120792761,0.33962264150943394,0.6470588235294118,0.0,1.3451417004048591,0.0,455.1212055033851,8063.829787234044,-230.76923076923083,12.945976011739482,0.22641509433962265,0.4339622641509434,0.40756302521008414,0.12957317073170738,0.9165378670788256
60d,stop_30,be_after_5,53,17,5300.0,13916.602026998737,2.6257739673582523,0.09433962264150944,0.23529411764705882,0.0,0.0,0.0,0.0,8063.829787234044,-230.76923076923083,31.152637725163924,0.03773584905660377,0.8679245283018868,0.10977701543739271,0.012748756218905477,0.3908045977011494
60d,stop_30,no_be,53,17,5300.0,37686.631928907416,7.110685269605173,0.5094339622641509,0.8235294117647058,51.2820512820511,3.4545454545454546,-230.76923076923083,691.6299559471364,8063.829787234044,-230.76923076923083,7.281105321484571,0.49056603773584906,0.0,0.6440281030444963,0.29729729729729737,1.1888198757763973
60d,stop_50,be_after_10,53,17,5300.0,25329.496732531086,4.779150326892657,0.18867924528301888,0.4117647058823529,0.0,0.0,0.0,0.0,8063.829787234044,-333.33333333333337,17.114024074367233,0.07547169811320754,0.7169811320754716,0.19277108433734935,0.04324324324324347,0.7241379310344829
60d,stop_50,be_after_15,53,17,5300.0,30818.401100554707,5.81479266048202,0.2830188679245283,0.6470588235294118,0.0,1.1112841069076278,0.0,346.15384615384625,8063.829787234044,-333.33333333333337,17.175729659283498,0.09433962264150944,0.6037735849056604,0.3769524470669907,0.08198757763975162,0.7241379310344829
60d,stop_50,be_after_20,53,17,5300.0,36201.73243364328,6.8305155535176,0.37735849056603776,0.6470588235294118,0.0,1.1112841069076278,0.0,594.5179584120983,8063.829787234044,-333.33333333333337,15.0759176974276,0.1320754716981132,0.4716981132075472,0.46904761904761894,0.12957317073170738,0.9165378670788256
60d,stop_50,be_after_5,53,17,5300.0,13806.249034507226,2.604952648020231,0.09433962264150944,0.23529411764705882,0.0,0.0,0.0,0.0,8063.829787234044,-333.33333333333326,25.14138021685435,0.018867924528301886,0.8679245283018868,0.10977701543739271,0.012748756218905477,0.556527170518426
60d,stop_50,no_be,53,17,5300.0,42711.79600197926,8.05882943433571,0.6415094339622641,0.8823529411764706,345.45454545454544,4.477634768007204,-333.33333333333326,851.0638297872339,8063.829787234044,-333.33333333333337,8.167861999334086,0.3018867924528302,0.0,0.6869999999999998,0.29729729729729737,1.1888198757763973
7d,no_stop,be_after_10,53,17,5300.0,4245.6665432222335,0.8010691590985346,0.4528301886792453,0.5294117647058824,0.0,0.05955897400255594,0.0,185.7670979667283,1525.1661918328584,-691.1421911421911,3.0203147649344766,0.0,0.39622641509433965,0.1648351648351647,0.02864583333333348,4.077586206896552
7d,no_stop,be_after_15,53,17,5300.0,5482.788021692458,1.034488305979709,0.5471698113207547,0.6470588235294118,34.26661094860006,1.094877724055777,0.0,198.83040935672503,1525.1661918328584,-691.1421911421911,3.32416805093705,0.0,0.20754716981132076,0.20606060606060606,0.07055885107711513,4.077586206896552
7d,no_stop,be_after_20,53,17,5300.0,7192.525176923318,1.3570802220610034,0.6792452830188679,0.7058823529411765,94.6745562130178,1.5503364068534142,-13.245033112582849,213.67521367521357,1525.1661918328584,-691.1421911421911,4.026644658319304,0.0,0.05660377358490566,0.2148148148148148,0.07619047619047614,4.077586206896552
7d,no_stop,be_after_5,53,17,5300.0,3824.5900379935556,0.7216207618855766,0.24528301886792453,0.47058823529411764,0.0,0.0,0.0,0.0,1525.1661918328584,-271.6105550500455,10.105457393607825,0.0,0.7169811320754716,0.10977701543739271,0.011990407673860837,0.556527170518426
7d,no_stop,no_be,53,17,5300.0,8397.011034823121,1.5843417046836077,0.7358490566037735,0.7058823529411765,119.26605504587174,1.5782467999209642,-13.245033112582849,241.90476190476184,1525.1661918328584,-691.1421911421911,4.533497341926175,0.0,0.0,0.2148148148148148,0.07619047619047614,4.077586206896552
7d,stop_10,be_after_10,53,17,5300.0,4732.3196978653095,0.8928905090311905,0.37735849056603776,0.47058823529411764,0.0,0.0,-90.90909090909093,185.7670979667283,1525.1661918328584,-90.90909090909105,4.718251191179883,0.2641509433962264,0.3584905660377358,0.1522633744855968,0.02864583333333348,0.3908045977011494
7d,stop_10,be_after_15,53,17,5300.0,4408.527401158346,0.8317976228600653,0.41509433962264153,0.4117647058823529,0.0,-0.17359020670278982,-90.90909090909093,188.85448916408643,1525.1661918328584,-90.90909090909105,3.4071545079960575,0.37735849056603776,0.18867924528301888,0.19277108433734935,0.07055885107711513,0.3908045977011494
7d,stop_10,be_after_20,53,17,5300.0,4286.467252285227,0.8087674060915523,0.4528301886792453,0.4117647058823529,0.0,-0.20968195890796623,-90.90909090909093,188.85448916408643,1525.1661918328584,-90.90909090909105,2.937445050177715,0.4528301886792453,0.05660377358490566,0.19277108433734935,0.07619047619047614,0.3908045977011494
7d,stop_10,be_after_5,53,17,5300.0,3608.259121861906,0.6808036078984728,0.24528301886792453,0.4117647058823529,0.0,0.0,0.0,0.0,1525.1661918328584,-90.90909090909105,6.670121477211562,0.1320754716981132,0.6226415094339622,0.10000000000000009,0.011990407673860837,0.3908045977011494
7d,stop_10,no_be,53,17,5300.0,5490.953110185031,1.0360288887141567,0.5094339622641509,0.47058823529411764,14.354066985646119,-0.06859302523502066,-90.90909090909093,193.62084456424066,1525.1661918328584,-90.90909090909105,3.481861938502924,0.4528301886792453,0.0,0.19277108433734935,0.07619047619047614,0.3908045977011494
7d,stop_15,be_after_10,53,17,5300.0,4702.001137548181,0.887170025952487,0.41509433962264153,0.47058823529411764,0.0,0.0,0.0,185.7670979667283,1525.1661918328584,-130.43478260869568,4.1588628850914615,0.20754716981132076,0.3584905660377358,0.15822784810126578,0.02864583333333348,0.4377358490566037
7d,stop_15,be_after_15,53,17,5300.0,4592.960797692615,0.866596376923135,0.4716981132075472,0.5294117647058824,0.0,0.055725658297611745,-130.43478260869557,190.54340155257577,1525.1661918328584,-130.43478260869568,3.165274818817903,0.2830188679245283,0.18867924528301888,0.19354838709677424,0.07055885107711513,0.4377358490566037
7d,stop_15,be_after_20,53,17,5300.0,4818.714621581776,0.9091914380342973,0.5471698113207547,0.5294117647058824,34.26661094860006,0.4533160197433949,-130.43478260869557,193.62084456424066,1525.1661918328584,-130.43478260869568,3.008274734938064,0.32075471698113206,0.05660377358490566,0.19354838709677424,0.07619047619047614,0.4377358490566037
7d,stop_15,be_after_5,53,17,5300.0,3722.88362779076,0.7024308731680678,0.24528301886792453,0.4117647058823529,0.0,0.0,0.0,0.0,1525.1661918328584,-130.43478260869568,8.135526953265629,0.07547169811320754,0.6792452830188679,0.10977701543739271,0.011990407673860837,0.3908045977011494
7d,stop_15,no_be,53,17,5300.0,6023.200479481579,1.1364529206569018,0.6037735849056604,0.5882352941176471,62.200956937799035,0.6220095693779903,-130.43478260869557,198.83040935672503,1525.1661918328584,-130.43478260869568,3.51026306729885,0.32075471698113206,0.0,0.19354838709677424,0.07619047619047614,0.4377358490566037
7d,stop_20,be_after_10,53,17,5300.0,4793.5538764287385,0.9044441276280638,0.4339622641509434,0.5294117647058824,0.0,0.0071209216246731445,0.0,185.7670979667283,1525.1661918328584,-166.66666666666663,4.196281599982008,0.1320754716981132,0.37735849056603776,0.15822784810126578,0.02864583333333348,0.4377358490566037
7d,stop_20,be_after_15,53,17,5300.0,5251.906200466368,0.9909256982012016,0.5094339622641509,0.5882352941176471,14.354066985646119,0.6859507406151656,-97.69585253456225,193.62084456424066,1525.1661918328584,-166.66666666666674,3.3061623795333395,0.20754716981132076,0.18867924528301888,0.20356472795497194,0.07055885107711513,0.4377358490566037
7d,stop_20,be_after_20,53,17,5300.0,5405.196256239586,1.019848350233884,0.5849056603773585,0.6470588235294118,46.25199362041465,0.6859507406151656,-148.42216518194184,198.7951807228916,1525.1661918328584,-166.66666666666674,3.05674135588734,0.24528301886792453,0.05660377358490566,0.20356472795497194,0.07619047619047614,0.4377358490566037
7d,stop_20,be_after_5,53,17,5300.0,3929.5339263769342,0.7414214955428178,0.24528301886792453,0.47058823529411764,0.0,0.0,0.0,0.0,1525.1661918328584,-166.66666666666663,13.471193927511107,0.018867924528301886,0.7169811320754716,0.10977701543739271,0.011990407673860837,0.3908045977011494
7d,stop_20,no_be,53,17,5300.0,6609.682114139388,1.2471098328564885,0.6415094339622641,0.6470588235294118,75.38461538461539,1.3336592416342543,-148.42216518194184,213.67521367521357,1525.1661918328584,-166.66666666666674,3.5150625266800244,0.24528301886792453,0.0,0.20356472795497194,0.07619047619047614,0.4377358490566037
7d,stop_30,be_after_10,53,17,5300.0,4677.342131184735,0.8825173832424028,0.4339622641509434,0.47058823529411764,0.0,0.0,0.0,185.7670979667283,1525.1661918328584,-230.76923076923083,3.8945023238486907,0.09433962264150944,0.39622641509433965,0.1648351648351647,0.02864583333333348,0.7241379310344829
7d,stop_30,be_after_15,53,17,5300.0,5534.412848942494,1.044228839423112,0.5283018867924528,0.6470588235294118,27.261064785118805,1.094877724055777,-13.245033112582849,198.83040935672503,1525.1661918328584,-230.76923076923083,3.4558798829031674,0.1320754716981132,0.20754716981132076,0.20606060606060606,0.07055885107711513,0.7241379310344829
7d,stop_30,be_after_20,53,17,5300.0,7244.150004173354,1.3668207555044065,0.660377358490566,0.7058823529411765,94.6745562130178,1.5503364068534142,-17.369727047146455,213.67521367521357,1525.1661918328584,-230.76923076923083,4.189983212184254,0.1320754716981132,0.05660377358490566,0.2148148148148148,0.07619047619047614,0.7241379310344829
7d,stop_30,be_after_5,53,17,5300.0,3865.4313622743703,0.7293266721272397,0.24528301886792453,0.47058823529411764,0.0,0.0,0.0,0.0,1525.1661918328584,-230.76923076923083,11.193879406409607,0.018867924528301886,0.7169811320754716,0.10977701543739271,0.011990407673860837,0.3908045977011494
7d,stop_30,no_be,53,17,5300.0,8448.635862073155,1.5940822381270103,0.7169811320754716,0.7058823529411765,119.26605504587174,1.646315673722322,-17.369727047146455,241.90476190476184,1525.1661918328584,-230.76923076923083,4.720382177390687,0.1320754716981132,0.0,0.2148148148148148,0.07619047619047614,0.7241379310344829
7d,stop_50,be_after_10,53,17,5300.0,4551.727005569609,0.8588164161452092,0.4528301886792453,0.47058823529411764,0.0,0.0,0.0,185.7670979667283,1525.1661918328584,-333.33333333333337,3.5351777099606867,0.07547169811320754,0.39622641509433965,0.1648351648351647,0.02864583333333348,0.7241379310344829
7d,stop_50,be_after_15,53,17,5300.0,5482.65502544554,1.034463212348215,0.5471698113207547,0.6470588235294118,34.26661094860006,1.094877724055777,0.0,198.83040935672503,1525.1661918328584,-333.33333333333337,3.3239806533715797,0.09433962264150944,0.20754716981132076,0.20606060606060606,0.07055885107711513,0.7241379310344829
7d,stop_50,be_after_20,53,17,5300.0,7192.3921806764,1.3570551284295094,0.6792452830188679,0.7058823529411765,94.6745562130178,1.5503364068534142,-13.245033112582849,213.67521367521357,1525.1661918328584,-333.33333333333337,4.026419318245764,0.09433962264150944,0.05660377358490566,0.2148148148148148,0.07619047619047614,0.7241379310344829
7d,stop_50,be_after_5,53,17,5300.0,3762.8672597102677,0.7099749546623146,0.24528301886792453,0.47058823529411764,0.0,0.0,0.0,0.0,1525.1661918328584,-333.33333333333326,8.810740658502226,0.018867924528301886,0.7169811320754716,0.10977701543739271,0.011990407673860837,0.556527170518426
7d,stop_50,no_be,53,17,5300.0,8396.878038576202,1.5843166110521136,0.7358490566037735,0.7058823529411765,119.26605504587174,1.5503364068534142,-13.245033112582849,241.90476190476184,1525.1661918328584,-333.33333333333337,4.533243637238748,0.09433962264150944,0.0,0.2148148148148148,0.07619047619047614,0.7241379310344829
90d,no_stop,be_after_10,53,17,5300.0,30807.754564646457,5.812783880121973,0.20754716981132076,0.4117647058823529,0.0,0.0,0.0,0.0,8462.633451957296,-238.5581206966384,86.63174764315144,0.0,0.7547169811320755,0.20739064856711908,0.04324324324324347,4.396226415094339
90d,no_stop,be_after_15,53,17,5300.0,45146.087803923554,8.5181297743252,0.32075471698113206,0.6470588235294118,0.0,1.9329388560157792,0.0,347.14921148402755,8464.285714285716,-238.5581206966384,79.84291088575372,0.0,0.6226415094339622,0.39303482587064664,0.08198757763975162,4.396226415094339
90d,no_stop,be_after_20,53,17,5300.0,51965.6838674868,9.804846012733359,0.39622641509433965,0.6470588235294118,0.0,2.893465171805253,0.0,691.6299559471364,8464.285714285716,-400.0,41.39307215583494,0.0,0.5094339622641509,0.5048076923076923,0.12957317073170738,4.396226415094339
90d,no_stop,be_after_5,53,17,5300.0,18171.991177183834,3.4286775806007235,0.09433962264150944,0.23529411764705882,0.0,0.0,0.0,0.0,8462.633451957296,-238.5581206966384,77.17427201437499,0.0,0.8867924528301887,0.1117318435754191,0.012748756218905477,0.556527170518426
90d,no_stop,no_be,53,17,5300.0,83180.11881694834,15.694362040933648,0.7735849056603774,0.8823529411764706,519.5652173913044,10.837138508371384,56.70103092783485,1732.7935222672063,11208.695652173914,-645.2762923351158,27.54770449627166,0.0,0.0,0.7866666666666666,0.3338351524275498,14.954773869346733
90d,stop_10,be_after_10,53,17,5300.0,29661.069723177054,5.596428249656048,0.18867924528301888,0.4117647058823529,0.0,0.0,-90.90909090909093,0.0,8462.633451957296,-90.90909090909105,24.305126211067666,0.2641509433962264,0.5471698113207547,0.1648351648351647,0.04324324324324347,0.3908045977011494
90d,stop_10,be_after_15,53,17,5300.0,29190.037116479263,5.507554172920615,0.20754716981132076,0.47058823529411764,0.0,0.0,-90.90909090909093,0.0,8462.633451957296,-90.90909090909105,14.960452533968333,0.4339622641509434,0.3584905660377358,0.20606060606060606,0.08198757763975162,0.3908045977011494
90d,stop_10,be_after_20,53,17,5300.0,30902.77790728697,5.830712812695655,0.22641509433962265,0.47058823529411764,-90.90909090909093,0.0,-90.90909090909093,0.0,8462.633451957296,-90.90909090909105,13.140377035005583,0.5283018867924528,0.24528301886792453,0.20606060606060606,0.10531914893617023,0.3908045977011494
90d,stop_10,be_after_5,53,17,5300.0,17774.185661516833,3.3536199361352512,0.09433962264150944,0.23529411764705882,0.0,0.0,0.0,0.0,8462.633451957296,-90.90909090909105,28.930863182383572,0.1320754716981132,0.7735849056603774,0.10000000000000009,0.012748756218905477,0.3908045977011494
90d,stop_10,no_be,53,17,5300.0,29863.90592811648,5.634699231720091,0.24528301886792453,0.47058823529411764,-90.90909090909093,-0.43260356693192537,-90.90909090909093,-90.90909090909093,8462.633451957296,-90.90909090909105,9.21257413023203,0.7547169811320755,0.0,0.20606060606060606,0.11462450592885376,1.1888198757763973
90d,stop_15,be_after_10,53,17,5300.0,29499.014387208677,5.565851771171449,0.18867924528301888,0.4117647058823529,0.0,0.0,0.0,0.0,8462.633451957296,-130.43478260869568,21.559919118357577,0.20754716981132076,0.6037735849056604,0.19277108433734935,0.04324324324324347,0.4377358490566037
90d,stop_15,be_after_15,53,17,5300.0,28802.68533782314,5.434468931664743,0.20754716981132076,0.47058823529411764,0.0,0.0,-130.43478260869557,0.0,8462.633451957296,-130.43478260869568,12.622136188946188,0.3584905660377358,0.4339622641509434,0.2148148148148148,0.08198757763975162,0.4377358490566037
90d,stop_15,be_after_20,53,17,5300.0,33196.803881312946,6.263547902134518,0.24528301886792453,0.5294117647058824,0.0,0.06557026170257146,-130.43478260869557,0.0,8462.633451957296,-130.43478260869568,12.06560129377099,0.4339622641509434,0.32075471698113206,0.2735562310030395,0.12957317073170738,0.4377358490566037
90d,stop_15,be_after_5,53,17,5300.0,17888.81016744569,3.375247201404847,0.09433962264150944,0.23529411764705882,0.0,0.0,0.0,0.0,8462.633451957296,-130.43478260869568,35.28688615427092,0.07547169811320754,0.8301886792452831,0.10977701543739271,0.012748756218905477,0.3908045977011494
90d,stop_15,no_be,53,17,5300.0,34538.657204859286,6.516727774501752,0.3018867924528302,0.5882352941176471,-130.43478260869557,0.7508140203026242,-130.43478260869557,346.15384615384625,8462.633451957296,-130.43478260869568,8.156658700105979,0.6981132075471698,0.0,0.3214285714285714,0.16981132075471694,1.1888198757763973
90d,stop_20,be_after_10,53,17,5300.0,29433.796995904326,5.553546603000816,0.18867924528301888,0.4117647058823529,0.0,0.0,0.0,0.0,8462.633451957296,-166.66666666666674,20.622531330602893,0.16981132075471697,0.6415094339622641,0.19277108433734935,0.04324324324324347,0.4377358490566037
90d,stop_20,be_after_15,53,17,5300.0,29864.660058225494,5.634841520419904,0.22641509433962265,0.5294117647058824,0.0,0.25578765300691886,-166.66666666666652,0.0,8462.633451957296,-166.66666666666674,12.945864023290202,0.2830188679245283,0.49056603773584906,0.2571942446043167,0.08198757763975162,0.4377358490566037
90d,stop_20,be_after_20,53,17,5300.0,33947.18439881676,6.4051291318522185,0.2641509433962264,0.5882352941176471,0.0,0.04745431967358556,-166.66666666666663,119.26605504587174,8462.633451957296,-166.66666666666674,11.18415531964503,0.37735849056603776,0.3584905660377358,0.33333333333333326,0.12957317073170738,0.4377358490566037
90d,stop_20,be_after_5,53,17,5300.0,18077.215964547137,3.410795465008894,0.09433962264150944,0.23529411764705882,0.0,0.0,0.0,0.0,8462.633451957296,-166.66666666666674,55.23164789364141,0.03773584905660377,0.8679245283018868,0.10977701543739271,0.012748756218905477,0.3908045977011494
90d,stop_20,no_be,53,17,5300.0,36333.07339683356,6.8552968673270875,0.33962264150943394,0.6470588235294118,-166.66666666666663,1.1997446747698246,-166.66666666666663,474.5529573590097,8462.633451957296,-166.66666666666674,7.228526868028609,0.660377358490566,0.0,0.39303482587064664,0.21799027552674222,1.1888198757763973
90d,stop_30,be_after_10,53,17,5300.0,29318.412380519716,5.531775920852777,0.18867924528301888,0.4117647058823529,0.0,0.0,0.0,0.0,8462.633451957296,-230.76923076923083,19.14949337841696,0.1320754716981132,0.6792452830188679,0.19277108433734935,0.04324324324324347,0.7241379310344829
90d,stop_30,be_after_15,53,17,5300.0,31789.761272800395,5.99806816467932,0.24528301886792453,0.5882352941176471,0.0,0.3846153846153851,0.0,0.0,8462.633451957296,-230.76923076923083,14.775563218213508,0.18867924528301888,0.5660377358490566,0.3214285714285714,0.08198757763975162,0.7241379310344829
90d,stop_30,be_after_20,53,17,5300.0,38861.710709395695,7.332398247055791,0.32075471698113206,0.6470588235294118,0.0,1.3451417004048591,0.0,347.14921148402755,8462.633451957296,-230.76923076923083,15.033395533948443,0.22641509433962265,0.4528301886792453,0.40756302521008414,0.12957317073170738,0.9165378670788256
90d,stop_30,be_after_5,53,17,5300.0,17949.01083634201,3.386605818177738,0.09433962264150944,0.23529411764705882,0.0,0.0,0.0,0.0,8462.633451957296,-230.76923076923083,39.88952347874101,0.03773584905660377,0.8679245283018868,0.10977701543739271,0.012748756218905477,0.3908045977011494
90d,stop_30,no_be,53,17,5300.0,44922.682500162875,8.47597783021941,0.4716981132075472,0.8235294117647058,-230.76923076923072,6.924944724944726,-230.76923076923083,994.0476190476188,8462.633451957296,-230.76923076923083,7.952319910739495,0.5283018867924528,0.0,0.6636363636363638,0.30159574468085126,1.1888198757763973
90d,stop_50,be_after_10,53,17,5300.0,29361.90554187436,5.539982177712143,0.18867924528301888,0.4117647058823529,0.0,0.0,0.0,0.0,8462.633451957296,-333.33333333333337,19.679346761888116,0.07547169811320754,0.7169811320754716,0.19277108433734935,0.04324324324324347,0.7241379310344829
90d,stop_50,be_after_15,53,17,5300.0,35115.45757137024,6.625558032334008,0.2830188679245283,0.6470588235294118,0.0,1.1112841069076278,0.0,346.15384615384625,8462.633451957296,-333.33333333333337,19.43113621252405,0.09433962264150944,0.6037735849056604,0.3769524470669907,0.08198757763975162,0.7241379310344829
90d,stop_50,be_after_20,53,17,5300.0,41982.27880283733,7.9211846797806285,0.3584905660377358,0.6470588235294118,0.0,1.1112841069076278,0.0,597.9381443298968,8462.633451957296,-333.33333333333337,17.323503364441795,0.1320754716981132,0.49056603773584906,0.46904761904761894,0.12957317073170738,0.9165378670788256
90d,stop_50,be_after_5,53,17,5300.0,17838.6578438505,3.3657844988397168,0.09433962264150944,0.23529411764705882,0.0,0.0,0.0,0.0,8462.633451957296,-333.33333333333326,32.192384005996374,0.018867924528301886,0.8679245283018868,0.10977701543739271,0.012748756218905477,0.556527170518426
90d,stop_50,no_be,53,17,5300.0,50199.36463459107,9.471578232941711,0.6226415094339622,0.8823529411764706,288.1578947368422,9.163341314179306,-333.33333333333326,1055.5555555555559,8462.633451957296,-333.33333333333337,9.193684432597788,0.32075471698113206,0.0,0.7384823848238482,0.3338351524275498,1.1888198757763973
