event_id,token_entity_id,token_symbol,anchor_event_type,baseline_price,max_return_1h,max_return_4h,max_return_24h,max_return_3d,max_return_7d,max_return_until_effective_delisting,max_return_price_source,max_return_exchange,volume_zscore,post_pump_drawdown,pump20_flag,pump_and_dump_flag,low_liquidity_pump_flag,fallback_used,manual_review_required
f755b9dd1ea6099a,AERGO,AERGO,SPOT_TOKEN_DELISTING_ANNOUNCED,0.0762460543961209,-0.0102040816326529,0.0058309037900876,-0.0131195335276967,-0.0408163265306121,-0.0743440233236151,0.0058309037900876,binance,binance,-0.240675664093043,-0.0801749271137027,no,no,no,no,no
646897e4f33f453e,ACA,ACA,SPOT_TOKEN_DELISTING_ANNOUNCED,0.0057163109644237,-0.1379310344827585,-0.1551724137931034,-0.1379310344827585,-0.4310344827586206,-0.2241379310344827,-0.1379310344827585,binance,binance,0.1356321451814966,-0.7495344827586208,no,no,no,yes,no
2bef59b54300a8c4,A2Z,A2Z,SPOT_TOKEN_DELISTING_ANNOUNCED,0.0006368053073898,-0.0271186440677967,-0.0525423728813558,-0.0627118644067796,-0.1254237288135594,-0.4406779661016949,-0.0271186440677967,binance,binance,3.51137927625748,-0.8370847457627117,no,no,no,yes,no
620dfaaf6b76cda8,ANT,ANT,SPOT_TOKEN_DELISTING_ANNOUNCED,5.9620729095565395,0.0037421330158191,-0.0001700969552643,0.0164994046606565,0.0729715938084709,0.1396496002721552,0.2599081476441574,binance,binance,2.401828211638771,-0.2600782445994217,yes,no,no,no,no
2ebc47e2d093dcb6,AKRO,AKRO,SPOT_TOKEN_DELISTING_ANNOUNCED,0.0033033665305105,-0.006908462867012,-0.1177892918825561,-0.1799654576856649,-0.4093264248704663,-0.661139896373057,-0.006908462867012,binance,binance,1.9132474493462677,-0.654231433506045,no,no,no,no,no
78605f349f17de8a,AMB,AMB,SPOT_TOKEN_DELISTING_ANNOUNCED,0.0034158658913054,-0.0726643598615917,-0.0795847750865051,-0.2698961937716264,-0.342560553633218,-0.889273356401384,-0.0726643598615917,binance,binance,2.409541693964574,-0.8166089965397924,no,no,no,no,no
00838960937666d3,AST,AST,SPOT_TOKEN_DELISTING_ANNOUNCED,0.0399301412716182,-0.2206235011990407,-0.1558752997601917,-0.2182254196642686,-0.2206235011990407,-0.3741007194244604,-0.119904076738609,binance,binance,0.843705395496805,-0.8500000000000001,no,no,no,yes,no
0af13c0c95167545,ALPACA,ALPACA,SPOT_TOKEN_DELISTING_ANNOUNCED,0.057437676649563,-0.2174556213017749,-0.4201183431952662,0.1109467455621302,1.6242603550295862,3.2884615384615383,3.2884615384615383,binance,binance,6.779563629166395,-3.7085798816568047,yes,yes,no,no,no
e3787f28cdcb4f63,ALPHA,ALPHA,SPOT_TOKEN_DELISTING_ANNOUNCED,0.0162705273675049,0.0,0.0229885057471264,-0.0747126436781608,-0.1724137931034483,-0.3793103448275861,0.0229885057471264,binance,binance,1.360094902758422,-0.4022988505747125,no,no,no,no,no
fe030a322cd55fe6,BADGER,BADGER,SPOT_TOKEN_DELISTING_ANNOUNCED,1.029334282564604,-0.0354166666666665,-0.0916666666666666,-0.134375,-0.1083333333333332,-0.1677083333333332,0.1626041666666668,ccxt_gateio,gateio,0.2709215841029809,-0.3303125000000001,no,no,no,yes,no
add781ef303b3edb,BAL,BAL,SPOT_TOKEN_DELISTING_ANNOUNCED,0.8744060507540871,0.0013054830287206,0.0208877284595301,0.1331592689295038,0.1240208877284594,0.2245430809399478,0.5090078328981722,ccxt_mexc,mexc,1.9101132425760672,-0.5077023498694515,yes,yes,no,yes,no
0c22b5d83ff2b22f,BAKE,BAKE,SPOT_TOKEN_DELISTING_ANNOUNCED,0.0570161562546845,-0.129192546583851,-0.2024844720496895,-0.3590062111801242,-0.5167701863354037,0.5118012422360247,0.5118012422360247,binance,binance,1.7421018382631883,-1.0285714285714285,yes,yes,no,no,no
3549a24c52b9c171,ATA,ATA,SPOT_TOKEN_DELISTING_ANNOUNCED,0.0080113013630723,-0.1038961038961039,-0.1038961038961039,-0.1038961038961039,-0.2077922077922077,-0.5064935064935066,-0.1038961038961039,binance,binance,2.5816088646321376,-0.6103896103896104,no,no,no,no,no
ca8ce65249fba04c,BTS,BTS,SPOT_TOKEN_DELISTING_ANNOUNCED,0.0064234776693879,0.0081566068515497,0.0473083197389885,-0.030995106035889,0.2022838499184338,-0.0146818923327894,0.2022838499184338,binance,binance,11.74021101040905,-0.5817292006525284,yes,yes,no,yes,no
32a707aa1c9486f4,BOND,BOND,SPOT_TOKEN_DELISTING_ANNOUNCED,1.6774281297272065,-0.01875,-0.0618750000000001,-0.21375,-0.1624999999999999,0.2731249999999998,0.345,binance,binance,4.429765684990345,-0.55875,yes,yes,no,no,no
143ca517a46fcbd1,BLZ,BLZ,SPOT_TOKEN_DELISTING_ANNOUNCED,0.0773933657359795,-0.0027372262773723,-0.1916058394160584,-0.3366788321167883,-0.3822992700729928,-0.468978102189781,-0.0027372262773723,binance,binance,2.1858164050075044,-0.6592153284671531,no,no,no,yes,no
b9ed2144f63250c8,BURGER,BURGER,SPOT_TOKEN_DELISTING_ANNOUNCED,0.1463902296367338,-0.2848061029879211,-0.2549268912905276,-0.3839796567069294,-0.5359186268277177,-0.8906547997457088,-0.2549268912905276,binance,binance,0.2657622126843492,-0.6357279084551812,no,no,no,no,no
539cbbfc728cc069,BETA,BETA,SPOT_TOKEN_DELISTING_ANNOUNCED,0.0102147732411919,-0.1275395033860045,-0.1794582392776522,-0.2325056433408577,-0.5688487584650113,-0.9198645598194132,-0.1275395033860045,binance,binance,1.5580072553350577,-0.7923250564334086,no,no,no,no,no
3199a658dfb606a1,BSW,BSW,SPOT_TOKEN_DELISTING_ANNOUNCED,0.0248215781545921,0.0493827160493827,0.3786008230452675,-0.0823045267489711,-0.0576131687242797,-0.4609053497942386,0.3786008230452675,binance,binance,0.8084477394316424,-0.9094650205761317,yes,yes,no,yes,no
ada4fa98c9d3f91d,BIFI,BIFI,SPOT_TOKEN_DELISTING_ANNOUNCED,83.02519561463758,-0.0012706480304957,-0.1346886912325287,-0.0533672172808132,-0.1969504447268106,-0.3481575603557815,-0.0012706480304957,binance,binance,5.097232108163452,-0.5908513341804319,no,no,no,no,no
58f1efaf1d702f60,CLV,CLV,SPOT_TOKEN_DELISTING_ANNOUNCED,0.0449598348432508,0.0085207100591715,-0.0288757396449705,-0.0956213017751479,-0.1789349112426036,-0.3048520710059171,0.0085207100591715,binance,binance,-0.2292461605378904,-0.3133727810650887,no,no,no,no,no
a38fa2982ab1db6f,COMBO,COMBO,SPOT_TOKEN_DELISTING_ANNOUNCED,0.1537409765236785,-0.1451814768460575,-0.1777221526908636,-0.1939924906132666,-0.3554443053817272,-0.8272841051314143,-0.1451814768460575,binance,binance,-0.1215369468024807,-0.6821026282853567,no,no,no,no,no
c7f6923d690b160e,CREAM,CREAM,SPOT_TOKEN_DELISTING_ANNOUNCED,2.4979818518231633,-0.2350427350427349,-0.3034188034188034,-0.3205128205128205,-0.3803418803418803,-0.5085470085470085,-0.2350427350427349,binance,binance,3.0184912083108015,-0.2735042735042735,no,no,no,no,no
4fe5c59e2ce9b37a,CTXC,CTXC,SPOT_TOKEN_DELISTING_ANNOUNCED,0.0888019470958834,-0.1918489065606361,-0.151093439363817,-0.2763419483101391,-0.2713717693836978,-0.3946322067594433,-0.151093439363817,binance,binance,0.9143153354275196,-0.2435387673956263,no,no,no,no,no
ada0e986aee726c8,CHESS,CHESS,SPOT_TOKEN_DELISTING_ANNOUNCED,0.0211532812400921,-0.1122778675282714,-0.1768982229402262,0.0791599353796446,0.1389337641357027,-0.6377221324717286,0.1389337641357027,binance,binance,16.950625368975636,-0.7766558966074313,no,no,no,no,no
77b52a90a52f0b02,DREP,DREP,SPOT_TOKEN_DELISTING_ANNOUNCED,0.281372029457943,0.0089903181189487,0.0705394190871369,0.0511756569847854,-0.2254495159059474,-0.4529737206085753,0.0705394190871369,binance,binance,0.2383142442805803,-0.8934993084370677,no,no,no,no,no
4bbb4f82a3e5b36d,DOCK,DOCK,SPOT_TOKEN_DELISTING_ANNOUNCED,0.0088649182427084,0.0064829821717991,-0.1539708265802269,0.0502431118314423,0.0437601296596434,0.6353322528363046,0.6353322528363046,binance,binance,10.027195444142036,-1.0032414910858996,yes,yes,no,no,no
e100d0c98ef5519f,CVP,CVP,SPOT_TOKEN_DELISTING_ANNOUNCED,0.2916715176761905,-0.0738461538461539,-0.0936263736263737,0.0145054945054945,-0.4030769230769231,-0.5226373626373626,0.0145054945054945,binance,binance,-0.2030010273631068,-0.8654945054945056,no,no,no,no,no
f8d67c1c4ee0e8ad,DATA,DATA,SPOT_TOKEN_DELISTING_ANNOUNCED,0.0033410674080891,-0.1661891117478511,-0.2177650429799428,-0.1747851002865329,-0.3553008595988539,-0.4756446991404012,-0.1661891117478511,binance,binance,1.4391227398316713,-0.6238968481375358,no,no,no,yes,no
53a23221767e3233,DF,DF,SPOT_TOKEN_DELISTING_ANNOUNCED,0.0069131744514521,-0.2136842105263158,-0.2052631578947368,-0.3105263157894736,-0.5210526315789473,-0.6421052631578947,-0.2052631578947368,binance,binance,4.653931490653446,-0.4368421052631579,no,no,no,no,no
2e773bcd17d36eb5,DEGO,DEGO,SPOT_TOKEN_DELISTING_ANNOUNCED,0.2379843306327359,-0.1354581673306772,-0.0717131474103585,-0.1513944223107569,-0.342629482071713,-0.6653386454183267,-0.0717131474103585,binance,binance,-0.1159436973320906,-0.8601195219123506,no,no,no,yes,no
ad47866cdc3fa4f9,DENT,DENT,SPOT_TOKEN_DELISTING_ANNOUNCED,0.0001311871500631,-0.0769230769230768,-0.0769230769230768,-0.1384615384615384,-0.4307692307692308,-0.4692307692307692,-0.0769230769230768,binance,binance,1.9491438292685956,-0.6043076923076923,no,no,no,yes,no
99b686845e362442,EPX,EPX,SPOT_TOKEN_DELISTING_ANNOUNCED,9.3197350513403e-05,-0.0409276944065485,-0.0532060027285129,0.3560709413369713,-0.0231923601637107,-0.2169167803547067,0.3560709413369713,binance,binance,4.11193974336361,-1.0914051841746248,yes,yes,no,no,no
2b488d2b7a3bc9e1,ELF,ELF,SPOT_TOKEN_DELISTING_ANNOUNCED,0.2404836327472224,-0.0385964912280701,-0.0973684210526315,-0.081578947368421,0.0162280701754384,-0.0666666666666667,0.0627192982456139,ccxt_gateio,gateio,-0.1367032744856069,-0.1903508771929823,no,no,no,yes,no
fcfc54cd33c803c1,FARM,FARM,SPOT_TOKEN_DELISTING_ANNOUNCED,10.574832379374367,-0.0402061855670101,-0.0278350515463917,-0.01340206185567,-0.1154639175257731,-0.3061855670103092,-0.01340206185567,binance,binance,3.414449891430004,-0.3298969072164948,no,no,no,no,no
12a35496eac872d0,FOR,FOR,SPOT_TOKEN_DELISTING_ANNOUNCED,0.0114517489459175,-0.0792811839323466,-0.0570824524312895,0.043340380549683,-0.2790697674418605,-0.4080338266384777,0.043340380549683,binance,binance,0.7852506261607892,-0.7198731501057084,no,no,no,no,no
5edb3573d0fb2768,GFT,GFT,SPOT_TOKEN_DELISTING_ANNOUNCED,0.0139969970602183,-0.031890660592255,-0.0850417615793469,-0.1678056188306758,-0.2748671222475323,-0.8511769172361427,-0.031890660592255,binance,binance,4.044696785609685,-0.8192862566438877,no,no,no,no,no
baa29308443bb37c,FIRO,FIRO,SPOT_TOKEN_DELISTING_ANNOUNCED,0.4977263206194083,-0.1991786447638602,-0.2751540041067761,-0.2669404517453799,-0.1437371663244353,-0.3449691991786447,-0.1437371663244353,binance,binance,14.497285029525004,-0.2012320328542094,no,no,no,no,no
420df8d1346ad109,FLM,FLM,SPOT_TOKEN_DELISTING_ANNOUNCED,0.0182469881436677,-0.0190114068441065,-0.1330798479087452,-0.2965779467680609,0.0342205323193915,-0.1939163498098859,0.0342205323193915,binance,binance,5.361516800965433,-0.8334220532319392,no,no,no,yes,no
aa59d83f83934faa,FIS,FIS,SPOT_TOKEN_DELISTING_ANNOUNCED,0.0442252888828553,-0.1200923787528868,-0.0946882217090069,0.0138568129330254,-0.2563510392609699,-0.3995381062355658,0.0138568129330254,binance,binance,0.5658929579677009,-0.6244803695150116,no,no,no,yes,no
838bae335e170e7d,GHST,GHST,SPOT_TOKEN_DELISTING_ANNOUNCED,0.1381110638526223,-0.2432432432432432,-0.2297297297297297,-0.2364864864864864,-0.3851351351351351,-0.4527027027027026,-0.2162162162162161,binance,binance,1.1068525038481345,-0.2970945945945947,no,no,no,yes,no
30f9d43efa20dca3,FORTH,FORTH,SPOT_TOKEN_DELISTING_ANNOUNCED,0.7024341286436472,-0.0190735694822888,-0.0653950953678472,-0.1662125340599455,-0.3351498637602179,-0.4237057220708446,-0.0190735694822888,binance,binance,2.322709594353642,-0.6580381471389646,no,no,no,yes,no
12fe2acee58f74d4,FIO,FIO,SPOT_TOKEN_DELISTING_ANNOUNCED,0.0052443433356126,-0.0674373795761079,-0.0520231213872832,-0.0751445086705203,-0.2716763005780347,-0.5433526011560694,-0.0269749518304431,binance,binance,3.2985819849582243,-0.8477842003853564,no,no,no,yes,no
64f83596ce3f3b49,FUN,FUN,SPOT_TOKEN_DELISTING_ANNOUNCED,0.0010622131217441,-0.1309523809523809,-0.1597222222222222,-0.1408730158730158,-0.2876984126984127,-0.5773809523809523,77.80952380952381,ccxt_gateio,gateio,3.8454024390496087,-78.4702380952381,yes,yes,no,yes,yes
9a257d0f0bedfaa8,HARD,HARD,SPOT_TOKEN_DELISTING_ANNOUNCED,0.0985839893121228,0.1885964912280699,-0.3081140350877193,-0.4385964912280702,-0.6567982456140351,-0.8453947368421053,0.1885964912280699,binance,binance,1.6956583605056126,-1.0339912280701753,no,no,no,no,no
398b0b8562199239,HIFI,HIFI,SPOT_TOKEN_DELISTING_ANNOUNCED,0.072724419738064,-0.1290322580645161,-0.2218963831867058,-0.3665689149560117,-0.3675464320625612,-0.2893450635386119,0.241446725317693,binance,binance,1.052477831491509,-0.6089931573802543,yes,yes,no,no,no
515cfee81c53a661,HOOK,HOOK,SPOT_TOKEN_DELISTING_ANNOUNCED,0.018861190935109,-0.0172413793103447,-0.0517241379310343,-0.1724137931034483,-0.1494252873563217,-0.3620689655172413,-0.0172413793103447,binance,binance,0.5754128322345206,-0.5344827586206897,no,no,no,yes,no
3c7fc4d113e04b96,IDRT,IDRT,SPOT_TOKEN_DELISTING_ANNOUNCED,,,,,,,,,binance,,,no,no,no,no,no
a9656f0319fdbf16,IRIS,IRIS,SPOT_TOKEN_DELISTING_ANNOUNCED,0.0123474173207284,0.0457643622200583,0.0097370983446933,-0.0496592015579357,0.5628042843232715,-0.053554040895813,0.5628042843232715,binance,binance,1.1537356500450875,-1.302044790652385,yes,yes,no,yes,no
37b0c3ac77ce235b,KEY,KEY,SPOT_TOKEN_DELISTING_ANNOUNCED,0.00309523532335,-0.0051057622173595,-0.025164113785558,-0.0412107950401168,-0.087162654996353,-0.1805251641137856,-0.0051057622173595,binance,binance,1.3219271704624518,-0.5379285193289569,no,no,no,no,no
28b99dfcb851026e,KDA,KDA,SPOT_TOKEN_DELISTING_ANNOUNCED,0.0567864613179676,-0.0659163987138263,-0.3488745980707395,-0.2717041800643086,-0.1816720257234726,-0.4790996784565916,-0.0659163987138263,binance,binance,0.355719580082514,-0.837620578778135,no,no,no,yes,no
a19c31e06c92df78,IDEX,IDEX,SPOT_TOKEN_DELISTING_ANNOUNCED,0.0062395243811683,0.0,0.0388349514563106,0.0116504854368932,-0.0912621359223301,-0.2601941747572815,0.0582524271844659,binance,binance,0.9874011202564672,-0.7048543689320388,no,no,no,yes,no
bcffb8b6dc13c97c,LOOM,LOOM,SPOT_TOKEN_DELISTING_ANNOUNCED,0.0492547932052664,-0.0233869283775318,-0.0054291083733556,0.0018793067446229,-0.0146168302359573,-0.0313217790770515,0.0087700981415743,binance,binance,-0.2277237776920212,-0.0400918772186259,no,no,no,no,no
5dfeaf68546f1889,KP3R,KP3R,SPOT_TOKEN_DELISTING_ANNOUNCED,44.936137508218344,-0.147197485594552,-0.141959140911472,0.036668412781561,-0.214510214772132,-0.2503928758512309,0.036668412781561,binance,binance,1.640672406112559,-0.605028810895757,no,no,no,no,no
028ddc85ac40eb5b,LINA,LINA,SPOT_TOKEN_DELISTING_ANNOUNCED,0.0013338044070297,-0.0876320696084524,-0.1963952765692976,-0.4909881914232442,-0.5394655065257924,-0.7905531385954009,-0.0876320696084524,binance,binance,2.904103095244767,-0.7029210689869484,no,no,no,no,no
fc9f80e6cbea62eb,KMD,KMD,SPOT_TOKEN_DELISTING_ANNOUNCED,0.0633854561953511,0.1525974025974024,-0.008116883116883,0.1818181818181818,-0.1688311688311687,-0.7321428571428572,0.1818181818181818,binance,binance,4.099408167675147,-0.9139610389610392,no,no,no,no,no
d92c98003fa4b980,LEVER,LEVER,SPOT_TOKEN_DELISTING_ANNOUNCED,0.000339577080114,0.0186666666666666,-0.0186666666666667,-0.136,-0.168,-0.448,0.0186666666666666,binance,binance,0.7669475422410755,-0.4666666666666667,no,no,no,no,no
f3b8dbb977d66257,LTO,LTO,SPOT_TOKEN_DELISTING_ANNOUNCED,0.0201097080391905,0.0805687203791469,-0.0758293838862559,-0.0284360189573459,-0.2701421800947867,-0.8293838862559242,0.0805687203791469,binance,binance,3.8683602509378607,-0.9099526066350712,no,no,no,no,no
c2bf8d8de7ddecb5,LRC,LRC,SPOT_TOKEN_DELISTING_ANNOUNCED,0.0269604105884005,-0.0022296544035674,-0.0334448160535117,-0.0475659606094388,-0.124860646599777,-0.089557785209959,-0.0022296544035674,binance,binance,4.145304725930452,-0.3730955035302862,no,no,no,yes,no
871690a2876fd5a8,MOB,MOB,SPOT_TOKEN_DELISTING_ANNOUNCED,0.2275877504924427,-0.0696202531645568,-0.040787623066104,-0.0126582278481012,-0.3263009845288326,-0.5288326300984528,-0.0126582278481012,binance,binance,2.9136857967656953,-0.5492264416315049,no,no,no,yes,no
191fd00d2777170a,MDX,MDX,SPOT_TOKEN_DELISTING_ANNOUNCED,0.0272480198036385,-0.0114942528735632,-0.0735632183908044,0.1724137931034481,0.5282758620689656,1.9098850574712647,1.9098850574712647,binance,binance,7.993886361076973,-2.2662068965517244,yes,yes,no,yes,yes
edc4732f2920123b,MDT,MDT,SPOT_TOKEN_DELISTING_ANNOUNCED,0.0071238300505459,0.0516666666666665,0.07,0.4383333333333334,0.2333333333333334,0.07,0.4383333333333334,binance,binance,34.28388953367133,-0.7948333333333335,yes,yes,no,yes,no
33afb9ebbddd5a54,MLN,MLN,SPOT_TOKEN_DELISTING_ANNOUNCED,2.366819543976632,-0.0444444444444445,-0.0266666666666667,0.2666666666666666,0.1599999999999999,-0.0488888888888888,0.2666666666666666,binance,binance,7.895381521279466,-0.5022222222222221,yes,yes,no,no,no
251d2bba37e3dd64,MULTI,MULTI,SPOT_TOKEN_DELISTING_ANNOUNCED,1.7906591008063806,-0.0492182976259411,-0.1123335263462652,-0.2188766647365374,-0.3011001737116386,-0.267515923566879,-0.0492182976259411,binance,binance,-0.0710771137628061,-0.539837869137232,no,no,no,yes,no
3f3886d7f85907a2,OAX,OAX,SPOT_TOKEN_DELISTING_ANNOUNCED,0.1319486030946195,0.0208530805687203,0.0161137440758294,-0.1260663507109004,-0.034123222748815,-0.2312796208530805,0.0483412322274883,binance,binance,0.3665146399644262,-0.7090047393364931,no,no,no,no,no
94faf9340260e22c,NON,NON,SPOT_TOKEN_DELISTING_ANNOUNCED,,,,,,,,,binance,,,no,no,no,no,no
0585c4d33e031fbf,NULS,NULS,SPOT_TOKEN_DELISTING_ANNOUNCED,0.0607371870502051,-0.0853174603174602,-0.1706349206349207,-0.1289682539682539,-0.1924603174603174,-0.498015873015873,-0.0456349206349206,binance,binance,5.555041533407078,-0.4523809523809523,no,no,no,no,no
356e1d682c7d8f7d,NKN,NKN,SPOT_TOKEN_DELISTING_ANNOUNCED,0.0095612029606882,-0.1799999999999999,-0.1799999999999999,-0.1300000000000001,-0.38,0.04,0.04,binance,binance,1.7943830060516976,-0.4883,no,no,no,yes,no
2e74ba8b9b9a26ef,NTRN,NTRN,SPOT_TOKEN_DELISTING_ANNOUNCED,0.0081533884020322,-0.0317460317460317,-0.0634920634920634,-0.0952380952380952,-0.0317460317460317,-0.2857142857142858,-0.0317460317460317,binance,binance,3.2168734365392617,-0.7142857142857143,no,no,no,no,no
8660726da9a31951,PERL,PERL,SPOT_TOKEN_DELISTING_ANNOUNCED,0.009242808484265,0.1004842615012107,0.181598062953995,-0.1234866828087166,0.4552058111380144,0.0193704600484261,0.4552058111380144,binance,binance,2.1839321233613207,-0.5786924939467311,yes,yes,no,no,no
31a48282d85a2000,PNT,PNT,SPOT_TOKEN_DELISTING_ANNOUNCED,0.1213119634822509,-0.117508813160987,-0.0564042303172738,0.1797884841363104,-0.1468860164512337,-0.381903642773208,0.1797884841363104,binance,binance,3.4371477122600456,-0.7685076380728556,no,no,no,no,no
2b516f723278de6a,OMG,OMG,SPOT_TOKEN_DELISTING_ANNOUNCED,0.5504446003571277,-0.0142348754448399,-0.0729537366548043,-0.1797153024911032,-0.2135231316725979,-0.2259786476868328,-0.0142348754448399,binance,binance,1.1706942430010938,-0.6313701067615658,no,no,no,yes,no
dd05a098ec6694d4,POLS,POLS,SPOT_TOKEN_DELISTING_ANNOUNCED,0.348665589144557,0.0672733181670459,0.0497237569060775,0.0224244393890153,-0.016574585635359,0.1888202794930127,0.1888202794930127,binance,binance,16.231698183474013,-0.520311992200195,no,no,no,yes,no
6e6a33f0d9f83771,OOKI,OOKI,SPOT_TOKEN_DELISTING_ANNOUNCED,0.0009257072525897,-0.1261682242990655,-0.1518691588785047,0.1355140186915888,-0.2313084112149532,-0.4147196261682242,0.1355140186915888,binance,binance,3.9817040657559626,-0.996495327102804,no,no,no,no,no
1d36b23be50d2faa,PDA,PDA,SPOT_TOKEN_DELISTING_ANNOUNCED,0.0121654445233393,0.0374999999999998,-0.0230769230769229,0.0663461538461538,0.1134615384615385,0.0028846153846153,0.1134615384615385,binance,binance,0.8213403849443617,-0.1365384615384615,no,no,no,no,no
78b8ca03c300b7e5,PERP,PERP,SPOT_TOKEN_DELISTING_ANNOUNCED,0.1939521108098396,-0.0481865284974093,-0.0305699481865285,-0.0316062176165803,-0.0461139896373056,-0.2803108808290155,-0.0062176165803109,binance,binance,5.243585161719359,-0.7875129533678756,no,no,no,yes,no
62330babc4ad5431,OXT,OXT,SPOT_TOKEN_DELISTING_ANNOUNCED,0.0127630651716357,-0.037037037037037,-0.1259259259259258,-0.1037037037037037,-0.2074074074074074,-0.2222222222222222,-0.037037037037037,binance,binance,1.5256396067427078,-0.2666666666666666,no,no,no,yes,no
5c0d4d7ce073d0e9,PHB,PHB,SPOT_TOKEN_DELISTING_ANNOUNCED,0.0976677600377401,-0.0520833333333333,-0.0937500000000001,-0.1458333333333333,-0.1145833333333332,-0.4166666666666666,-0.0520833333333333,binance,binance,0.6150602561418245,-0.6145833333333334,no,no,no,no,no
71e9065cc44abac5,PROS,PROS,SPOT_TOKEN_DELISTING_ANNOUNCED,0.1639019288091371,-0.1492753623188406,-0.2434782608695652,-0.3,-0.5210144927536231,-0.6202898550724638,-0.1492753623188406,binance,binance,0.2641273641246429,-0.4710144927536231,no,no,no,no,no
67952eb6442475b7,RDNT,RDNT,SPOT_TOKEN_DELISTING_ANNOUNCED,0.0048475834908389,-0.0298507462686565,-0.0405117270788912,-0.0788912579957354,0.2196162046908316,0.0575692963752665,0.2196162046908316,binance,binance,0.958973712785472,-0.8560767590618338,yes,yes,no,yes,no
3d5f7e67e8229c58,REEF,REEF,SPOT_TOKEN_DELISTING_ANNOUNCED,0.0009468869956458,0.0133481646273638,0.0111234705228031,-0.0211345939933258,-0.1345939933259176,-0.1256952169076751,7.061624026696331,ccxt_gateio,gateio,1.604155459861666,-7.2963292547274765,yes,yes,no,yes,yes
55c6f3a56b85b5ee,REN,REN,SPOT_TOKEN_DELISTING_ANNOUNCED,0.0454144105229168,0.1095238095238093,0.153501400560224,0.1591036414565825,0.2568627450980392,0.3859943977591036,0.3859943977591036,binance,binance,0.7581680447292984,-0.8515406162464986,yes,yes,no,yes,no
42eceb02ff4fcb31,REI,REI,SPOT_TOKEN_DELISTING_ANNOUNCED,0.0084157033089594,-0.0682352941176471,-0.0588235294117647,-0.0799999999999999,-0.2258823529411765,-0.3623529411764705,-0.0588235294117647,binance,binance,0.9361155885397264,-0.4694117647058824,no,no,no,no,no
8c77ca08a398851d,SNM,SNM,SPOT_TOKEN_DELISTING_ANNOUNCED,,,,,,,,,binance,,,no,no,no,no,no
0e162a9646208d35,SRM,SRM,SPOT_TOKEN_DELISTING_ANNOUNCED,,,,,,,,,binance,,,no,no,no,no,no
f95307c9f6425cda,SNT,SNT,SPOT_TOKEN_DELISTING_ANNOUNCED,0.0190350272850265,-0.0435982339955849,-0.0601545253863134,-0.0485651214128036,0.2014348785871964,0.2163355408388521,0.5800220750551874,ccxt_gateio,gateio,0.2746617444004881,-0.6401766004415009,yes,yes,no,yes,no
0420740610406d65,SLF,SLF,SPOT_TOKEN_DELISTING_ANNOUNCED,0.0473589006330707,-0.2455830388692579,-0.2597173144876324,-0.3480565371024734,-0.4929328621908126,-0.2667844522968197,-0.2455830388692579,binance,binance,0.313959900610861,-0.742856890459364,no,no,no,yes,no
1708283a3adb2ea2,STMX,STMX,SPOT_TOKEN_DELISTING_ANNOUNCED,0.0042065502255685,-0.0117048346055981,-0.0005089058524173,-0.0709923664122137,-0.0287531806615776,0.1615776081424933,0.1615776081424933,binance,binance,-0.1630409881862201,-0.232569974554707,no,no,no,no,no
b41ab03f3cfbd321,SXP,SXP,SPOT_TOKEN_DELISTING_ANNOUNCED,0.0121876762837613,-0.0674157303370786,-0.0786516853932584,-0.0674157303370786,-0.0786516853932584,-0.2247191011235955,-0.0674157303370786,binance,binance,1.0948335125519215,-0.805056179775281,no,no,no,yes,no
786458a7ed532ce7,SYS,SYS,SPOT_TOKEN_DELISTING_ANNOUNCED,0.0083554452394175,-0.0864197530864196,-0.0932784636488339,-0.1165980795610424,-0.1783264746227709,-0.4883401920438958,-0.0864197530864196,binance,binance,4.062990938452891,-0.4019204389574761,no,no,no,no,no
890d16cda52aee13,TORN,TORN,SPOT_TOKEN_DELISTING_ANNOUNCED,,0.0,0.0,-0.0209564750134335,0.061794734013971,-0.0988715744223535,0.061794734013971,ccxt_mexc,mexc,,-0.3030628694250404,no,no,no,yes,no
5c4882c0b7de2f70,UNFI,UNFI,SPOT_TOKEN_DELISTING_ANNOUNCED,2.883855345900995,-0.1098504383702939,-0.1727694687983496,0.4290871583290354,0.0649819494584837,-0.1516245487364621,0.4290871583290354,binance,binance,5.569856912335009,-1.1784424961320266,yes,yes,no,yes,no
c631d165832070f3,TROY,TROY,SPOT_TOKEN_DELISTING_ANNOUNCED,0.0005512453542834,-0.1280148423005566,-0.1484230055658627,-0.209647495361781,-0.2708719851576994,-0.797773654916512,-0.1280148423005566,binance,binance,1.0408498767517749,-0.6697588126159554,no,no,no,no,no
62bfaba9624d7389,UFT,UFT,SPOT_TOKEN_DELISTING_ANNOUNCED,0.0383935983113771,-0.2622950819672131,-0.239344262295082,-0.2229508196721311,-0.3081967213114753,-0.6950819672131148,-0.2229508196721311,binance,binance,1.058480705623962,-0.4721311475409836,no,no,no,no,no
4778a6738f700c56,TRU,TRU,SPOT_TOKEN_DELISTING_ANNOUNCED,0.007979434536811,-0.0333333333333334,-0.0999999999999999,-0.1666666666666666,-0.3333333333333333,-0.45,-0.0333333333333334,binance,binance,-0.2841206716625633,-0.7559166666666666,no,no,no,yes,no
ff89527c25eb2e98,VAI,VAI,SPOT_TOKEN_DELISTING_ANNOUNCED,,0.0,0.0,0.0467182102319461,0.082414870866919,0.1793880572462576,1.5268958710314195,ccxt_mexc,mexc,,-1.5268958710314195,yes,yes,no,yes,yes
c5aa022249e7d2f8,WAVES,WAVES,SPOT_TOKEN_DELISTING_ANNOUNCED,1.7089001365022387,-0.06436420722135,-0.1125065410779696,-0.1946624803767661,-0.2574568288854003,-0.3270538984824699,-0.06436420722135,binance,binance,1.045977858235012,-0.4235478806907379,no,no,no,yes,no
9e277a020515b688,WNXM,WNXM,SPOT_TOKEN_DELISTING_ANNOUNCED,81.42073422039493,0.0028535980148884,0.0032258064516128,-0.0129032258064515,-0.0018610421836227,-0.0466501240694787,0.0032258064516128,binance,binance,-0.9897076703764266,-0.3162531017369726,no,no,no,yes,no
ca86e505313d35f7,VGX,VGX,SPOT_TOKEN_DELISTING_ANNOUNCED,0.0445552160664145,-0.0956072351421187,-0.0878552971576227,0.0025839793281654,-0.3307493540051679,-0.4599483204134367,0.0025839793281654,binance,binance,1.8971328960096132,-0.729250645994832,no,no,no,yes,no
4cc3c268e5d9fbd4,WRX,WRX,SPOT_TOKEN_DELISTING_ANNOUNCED,0.1849699864735096,-0.2266139657444004,-0.3623188405797101,-0.3017127799736495,-0.5461133069828721,-0.886034255599473,-0.2266139657444004,binance,binance,3.61171751084122,-0.6594202898550726,no,no,no,yes,no
266c4020403a9f7b,VITE,VITE,SPOT_TOKEN_DELISTING_ANNOUNCED,0.0053248078800582,-0.0451866404715127,-0.0785854616895874,-0.2298624754420432,-0.3850687622789783,-0.8310412573673871,-0.0451866404715127,binance,binance,7.183939216179861,-0.7858546168958743,no,no,no,no,no
480d4eaee375850c,VIDT,VIDT,SPOT_TOKEN_DELISTING_ANNOUNCED,0.0193288992627775,-0.0997782705099779,-0.0251293422025129,0.3932002956393199,0.835920177383592,-0.8847006651884701,0.835920177383592,binance,binance,0.5432799349316512,-1.7206208425720622,yes,yes,no,no,no
acc75026e9c0fca8,VIB,VIB,SPOT_TOKEN_DELISTING_ANNOUNCED,0.0208189423355045,-0.0060532687651331,-0.1313559322033898,-0.0308716707021792,0.0460048426150121,-0.728813559322034,0.0460048426150121,binance,binance,1.268583846509487,-0.7748184019370461,no,no,no,no,no
e08422af09a05d67,WING,WING,SPOT_TOKEN_DELISTING_ANNOUNCED,1.1653408441746755,-0.0217391304347825,-0.1304347826086956,-0.0402173913043478,0.126086956521739,-0.5652173913043479,0.126086956521739,binance,binance,1.9841804872623223,-0.9533695652173912,no,no,no,yes,no
6799bc3425b901e2,VOXEL,VOXEL,SPOT_TOKEN_DELISTING_ANNOUNCED,0.0309916999934212,-0.0459363957597173,-0.0106007067137808,0.1413427561837457,-0.1413427561837456,-0.2897526501766784,0.1413427561837457,binance,binance,1.8797787531740249,-0.8431802120141344,no,no,no,yes,no
ce1912db581080b5,WAN,WAN,SPOT_TOKEN_DELISTING_ANNOUNCED,0.0652508554886907,-0.0239074158672149,-0.0871021775544389,-0.1364397746307294,-0.181970458352368,-0.1390284757118929,-0.0239074158672149,binance,binance,1.6957832944991214,-0.1580630424851531,no,no,no,yes,no
17d622fb9ec8aa71,YFII,YFII,SPOT_TOKEN_DELISTING_ANNOUNCED,598.9300084881687,0.0253653620023517,0.0223416764656476,-0.0283890475390559,-0.2507979170166302,-0.2684360826474046,0.6848143793045525,ccxt_gateio,gateio,2.7815823054181243,-0.9671594154207964,yes,yes,no,yes,no
8a6545383d2104bf,WTC,WTC,SPOT_TOKEN_DELISTING_ANNOUNCED,0.0988864354996877,0.0700836820083681,0.1370292887029289,-0.2562761506276151,-0.207112970711297,-0.4393305439330544,0.1370292887029289,binance,binance,2.5708874213470176,-0.5763598326359833,no,no,no,no,no
ccf914714c733e36,XMR,XMR,SPOT_TOKEN_DELISTING_ANNOUNCED,127.02356683669365,-0.0358350236646383,-0.0649087221095334,-0.1338742393509128,-0.178498985801217,-0.1359026369168358,-0.0269776876267748,ccxt_kucoin,kucoin,2.773464853262918,-0.2833671399594321,no,no,no,yes,no
d827c51b75302587,XEM,XEM,SPOT_TOKEN_DELISTING_ANNOUNCED,0.0262512637213235,-0.0767094758764318,-0.1398819854217285,-0.1777160708087469,-0.2519958347795904,-0.279763970843457,-0.0767094758764318,binance,binance,1.1438166603494582,-0.432488719194724,no,no,no,yes,no
