token_entity_id,token_symbol,anchor_event_id,anchor_event_type,bottom_timestamp_utc,bottom_price,max_rebound_24h,max_rebound_3d,max_rebound_7d,max_rebound_14d,max_rebound_30d,max_rebound_60d,max_rebound_90d,rebound_20_flag,rebound_50_flag,rebound_100_flag,rebound_200_flag,days_from_bottom_to_max_rebound,rebound_high_timestamp_utc,rebound_high_price,volume_on_rebound,quote_volume_on_rebound,volume_zscore_on_rebound,rebound_sustained_3d,rebound_sustained_7d,post_rebound_drawdown,pump_and_dump_after_bottom,dead_cat_bounce_flag,low_liquidity_rebound_flag,fallback_used,price_source,exchange,manual_review_required,notes
A2Z,A2Z,1fc6e5215a5c6f00,MONITORING_TAG_ADDED,2026-04-01T01:00:00+00:00,7.2e-05,0.2222222222222221,0.2222222222222221,0.2222222222222221,0.2222222222222221,0.2222222222222221,0.2222222222222221,0.2222222222222221,yes,no,no,no,0.0416666666666666,2026-04-01T02:00:00+00:00,8.8e-05,1015116377.0,81147.222786,0.9085640266473608,unknown,unknown,,no,no,yes,no,binance_spot,binance,yes,
ACA,ACA,dccc644ea3175a5f,MONITORING_TAG_ADDED,2026-02-13T00:00:00+00:00,0.0017,0.2352941176470588,0.2352941176470588,0.2352941176470588,0.2352941176470588,0.2352941176470588,0.2352941176470588,0.2352941176470588,yes,no,no,no,0.0416666666666666,2026-02-13T01:00:00+00:00,0.0021,4408260.44,8457.11729,-0.9578179470089064,unknown,unknown,-0.1428571428571428,no,no,yes,no,binance_spot,binance,yes,
AERGO,AERGO,abca945eb2bee96c,MONITORING_TAG_ADDED,2025-03-11T00:00:00+00:00,0.0579,0.1588946459412781,0.2348877374784108,0.2487046632124352,0.6649395509499136,0.6649395509499136,0.6649395509499136,0.6649395509499136,yes,yes,no,no,7.166666666666667,2025-03-18T04:00:00+00:00,0.0964,50012507.0,4130929.339,4.693713142097547,yes,yes,-0.3672199170124481,no,no,yes,no,binance_spot,binance,yes,
AKRO,AKRO,2ebc47e2d093dcb6,SPOT_TOKEN_DELISTING_ANNOUNCED,2024-12-25T02:00:00+00:00,0.000906,,,,,,,,no,no,no,no,,,,,,,unknown,unknown,,no,no,no,no,binance_spot,binance,yes,
ALCX,ALCX,4a1694681090a940,MONITORING_TAG_ADDED,2026-06-06T05:00:00+00:00,3.28,0.0457317073170733,0.0762195121951219,0.0762195121951219,0.0762195121951219,0.0762195121951219,0.0762195121951219,0.0762195121951219,no,no,no,no,1.7083333333333333,2026-06-07T22:00:00+00:00,3.53,5431.9509,18984.814795,2.875270540023756,unknown,unknown,-0.0254957507082153,no,no,yes,no,binance_spot,binance,yes,
ALPACA,ALPACA,064b0dde744232dc,MONITORING_TAG_ADDED,2025-04-17T02:00:00+00:00,0.0278,0.1043165467625899,0.9640287769784176,1.5575539568345325,44.68345323741008,44.68345323741008,44.68345323741008,44.68345323741008,yes,yes,yes,yes,13.25,2025-04-30T08:00:00+00:00,1.27,53819035.6,60094581.62144,2.482920153982655,yes,yes,-0.8389763779527559,no,no,no,no,binance_spot,binance,no,
ALPHA,ALPHA,cdee2c69a544c7e6,MONITORING_TAG_ADDED,2025-07-04T02:00:00+00:00,0.0092,,,,,,,,no,no,no,no,,,,,,,unknown,unknown,,no,no,no,no,binance_spot,binance,no,
AMB,AMB,78605f349f17de8a,SPOT_TOKEN_DELISTING_ANNOUNCED,2025-02-24T02:00:00+00:00,0.00026,,,,,,,,no,no,no,no,,,,,,,unknown,unknown,,no,no,no,no,binance_spot,binance,yes,
ANT,ANT,e0c4360ac0bda986,MONITORING_TAG_ADDED,2024-01-08T02:00:00+00:00,5.457,0.0978559648158328,0.2162360271211287,0.2625984973428623,0.2827560930914421,0.2827560930914421,0.3906908557815651,0.3906908557815651,yes,no,no,no,42.833333333333336,2024-02-19T22:00:00+00:00,7.589,6025.1,45422.9165,-0.5991231186578393,no,no,-0.0562656476479115,no,no,no,no,binance_spot,binance,no,
ARDR,ARDR,afca87c30daaf7ba,MONITORING_TAG_ADDED,2025-04-07T07:00:00+00:00,0.03699,0.323060286563936,1.2303325223033252,1.2438496891051636,4.073803730738037,4.073803730738037,4.073803730738037,4.073803730738037,yes,yes,yes,yes,9.125,2025-04-16T10:00:00+00:00,0.18768,25674049.0,3975761.89635,1.5767936211676277,yes,yes,-0.7958226768968457,no,no,yes,no,binance_spot,binance,yes,
AST,AST,c9bba63a0a1d11c1,MONITORING_TAG_ADDED,2025-03-16T09:00:00+00:00,0.0086,4.383720930232558,4.569767441860465,4.569767441860465,5.1976744186046515,5.1976744186046515,5.1976744186046515,5.1976744186046515,yes,yes,yes,yes,7.166666666666667,2025-03-23T13:00:00+00:00,0.0533,58939205.0,2400985.5689,4.661366239650997,yes,yes,-0.5159474671669794,no,no,no,no,binance_spot,binance,no,
ATA,ATA,c94c0613623769e6,MONITORING_TAG_ADDED,2026-05-26T08:00:00+00:00,0.002,0.5,0.5,0.5,0.5,0.5,0.5,0.5,yes,yes,no,no,0.0416666666666666,2026-05-26T09:00:00+00:00,0.003,61079390.0,154527.5982,3.342896634224586,unknown,unknown,-0.3,yes,yes,yes,no,binance_spot,binance,yes,
BADGER,BADGER,05efae81cc940ff4,MONITORING_TAG_ADDED,2025-04-16T02:00:00+00:00,0.74,,,,,,,,no,no,no,no,,,,,,,unknown,unknown,,no,no,yes,no,binance_spot,binance,yes,
BAKE,BAKE,5c8137ecc69b6b61,MONITORING_TAG_ADDED,2025-09-09T11:00:00+00:00,0.033,5.621212121212121,5.621212121212121,5.621212121212121,5.621212121212121,5.621212121212121,5.621212121212121,5.621212121212121,yes,yes,yes,yes,0.9583333333333334,2025-09-10T10:00:00+00:00,0.2185,243842820.3,41456931.96701,3.7228135667193953,yes,yes,-0.7913043478260869,no,no,no,no,binance_spot,binance,no,
BAL,BAL,f19444577bbd2958,MONITORING_TAG_ADDED,2024-08-05T06:00:00+00:00,1.522,0.2490144546649146,0.2490144546649146,0.3134034165571617,0.3331143232588698,0.4586070959264128,0.5321944809461234,0.5321944809461234,yes,yes,no,no,57.25,2024-10-01T12:00:00+00:00,2.332,121329.16,279891.4269,1.909727922559305,yes,yes,-0.6792452830188679,no,no,no,no,binance_spot,binance,no,
BETA,BETA,08d7f3a2766ef543,MONITORING_TAG_ADDED,2023-10-09T16:00:00+00:00,0.05584,0.0565902578796559,0.1817693409742118,0.4194126074498567,0.4194126074498567,0.4194126074498567,0.4194126074498567,0.6144340974212033,yes,yes,no,no,78.58333333333333,2023-12-27T06:00:00+00:00,0.09015,8318425.0,734454.85476,2.6845778607224813,no,no,-0.996561286744315,yes,yes,yes,no,binance_spot,binance,yes,
BIFI,BIFI,a0ebf708da0a74fa,MONITORING_TAG_ADDED,2025-06-22T20:00:00+00:00,128.3,0.1169134840218237,0.2081060015588463,0.2081060015588463,0.51987529228371,0.5588464536243178,1.182385035074045,1.182385035074045,yes,yes,yes,no,33.833333333333336,2025-07-26T16:00:00+00:00,280.0,17131.851,4158393.0302,4.690312131418181,no,no,-0.9260714285714284,yes,yes,yes,no,binance_spot,binance,yes,
BLZ,BLZ,14c00596e0d38ffa,MONITORING_TAG_ADDED,2024-12-23T12:00:00+00:00,0.0484,0.3099173553719008,0.3739669421487603,0.3739669421487603,0.3739669421487603,0.3739669421487603,0.3739669421487603,0.3739669421487603,yes,no,no,no,1.25,2024-12-24T18:00:00+00:00,0.0665,20984377.0,1294767.593,2.2301516244673536,unknown,unknown,-0.1969924812030075,no,no,no,no,binance_spot,binance,no,
BOND,BOND,63e51c3ccd2baf4b,MONITORING_TAG_ADDED,2023-10-12T10:00:00+00:00,1.6,0.7918749999999999,3.08125,3.21875,3.21875,3.21875,3.21875,4.124999999999999,yes,yes,yes,yes,73.625,2023-12-25T01:00:00+00:00,8.2,3851267.57,27559896.83706,2.808668251777646,yes,yes,-0.8568292682926829,no,no,yes,no,binance_spot,binance,yes,
BSW,BSW,5af125cfd901bc4e,MONITORING_TAG_ADDED,2025-04-15T20:00:00+00:00,0.011,0.5636363636363637,0.5818181818181818,1.5,4.454545454545455,4.545454545454546,4.545454545454546,4.545454545454546,yes,yes,yes,yes,15.583333333333334,2025-05-01T10:00:00+00:00,0.061,45271586.9,2630011.11749,0.4544426240281647,yes,yes,-0.8639344262295082,no,no,yes,no,binance_spot,binance,yes,
BTS,BTS,ca8ce65249fba04c,SPOT_TOKEN_DELISTING_ANNOUNCED,2023-11-27T20:00:00+00:00,0.00511,1.270058708414873,1.270058708414873,1.270058708414873,1.270058708414873,1.270058708414873,1.270058708414873,1.270058708414873,yes,yes,yes,no,0.4583333333333333,2023-11-28T07:00:00+00:00,0.0116,775610142.3,6758345.086708,4.679402605370346,yes,yes,-0.5586206896551724,no,no,no,no,binance_spot,binance,no,
BURGER,BURGER,27494810cfd7dda7,MONITORING_TAG_ADDED,2025-03-28T02:00:00+00:00,0.0166,,,,,,,,no,no,no,no,,,,,,,unknown,unknown,,no,no,no,no,binance_spot,binance,no,
CHESS,CHESS,1fe11492402051b0,MONITORING_TAG_ADDED,2026-02-13T02:00:00+00:00,0.00255,,,,,,,,no,no,no,no,,,,,,,unknown,unknown,,no,no,yes,no,binance_spot,binance,yes,
CLV,CLV,b4b89fcf3e2d9d8d,MONITORING_TAG_ADDED,2024-11-04T21:00:00+00:00,0.02468,0.0830632090761749,0.1900324149108589,0.5636142625607778,6.698541329011345,6.698541329011345,6.698541329011345,6.698541329011345,yes,yes,yes,yes,11.75,2024-11-16T15:00:00+00:00,0.19,629093889.1,80373600.847978,4.089180261169341,yes,yes,-0.8914736842105263,no,no,yes,no,binance_spot,binance,yes,
COMBO,COMBO,ddd8722fcd3a9596,MONITORING_TAG_ADDED,2025-03-28T01:00:00+00:00,0.0263,0.2243346007604563,0.2243346007604563,0.2243346007604563,0.2243346007604563,0.2243346007604563,0.2243346007604563,0.2243346007604563,yes,no,no,no,0.0416666666666666,2025-03-28T02:00:00+00:00,0.0322,4764220.0,143326.09243,-0.4877172462543402,unknown,unknown,,no,no,no,no,binance_spot,binance,no,
COOKIE,COOKIE,a5602175aafd748b,MONITORING_TAG_ADDED,2026-06-06T04:00:00+00:00,0.009,0.1,0.1111111111111111,0.1111111111111111,0.1111111111111111,0.1111111111111111,0.1111111111111111,0.1111111111111111,no,no,no,no,1.2083333333333333,2026-06-07T09:00:00+00:00,0.01,1009370.6,9935.83282,-0.0305219565983975,unknown,unknown,-0.08,no,no,yes,no,binance_spot,binance,yes,
COS,COS,a69cfb015113f6cc,MONITORING_TAG_ADDED,2026-03-07T20:00:00+00:00,0.000827,0.807738814993954,0.807738814993954,2.244256348246674,2.244256348246674,2.244256348246674,2.244256348246674,2.244256348246674,yes,yes,yes,yes,6.708333333333333,2026-03-14T13:00:00+00:00,0.002683,2558330019.5,6095977.9167721,3.1445976815297674,yes,yes,-0.5959746552366754,no,no,yes,no,binance_spot,binance,yes,
CREAM,CREAM,c7f6923d690b160e,SPOT_TOKEN_DELISTING_ANNOUNCED,2025-04-13T21:00:00+00:00,0.99,0.707070707070707,1.272727272727273,1.272727272727273,1.272727272727273,1.272727272727273,1.272727272727273,1.272727272727273,yes,yes,yes,no,2.2083333333333335,2025-04-16T02:00:00+00:00,2.25,130435.713,206527.9969,1.360989525284895,no,no,,no,no,yes,no,binance_spot,binance,yes,
CTXC,CTXC,73bd41c12e1c9037,MONITORING_TAG_ADDED,2024-07-05T04:00:00+00:00,0.111,0.1621621621621622,0.2036036036036035,0.7342342342342343,0.7342342342342343,1.2945945945945945,1.2945945945945945,1.2945945945945945,yes,yes,yes,no,21.375,2024-07-26T13:00:00+00:00,0.2547,43362124.0,10004907.3641,3.600617969403674,yes,yes,-0.7817039654495485,no,no,no,no,binance_spot,binance,no,
CVP,CVP,e03ecc015ad077ba,MONITORING_TAG_ADDED,2024-08-26T02:00:00+00:00,0.0328,,,,,,,,no,no,no,no,,,,,,,unknown,unknown,,no,no,no,no,binance_spot,binance,no,
CVX,CVX,f516a957212c330b,MONITORING_TAG_ADDED,2024-09-06T21:00:00+00:00,1.8,0.3166666666666666,0.3166666666666666,0.3166666666666666,0.3166666666666666,0.3611111111111111,0.3611111111111111,3.528888888888888,yes,yes,yes,yes,88.91666666666667,2024-12-04T19:00:00+00:00,8.152,673157.786,5282022.220852,1.668500037865776,no,no,-0.8147693817468106,yes,yes,no,no,binance_spot,binance,no,
D,D,76c150b865ecafa1,SPOT_TOKEN_DELISTING_ANNOUNCED,,,,,,,,,,,,,,,,,,,,,,,,,,,,,yes,missing_bottom_or_path
DATA,DATA,3aeb58a1f5337ceb,MONITORING_TAG_ADDED,2026-02-13T02:00:00+00:00,0.00081,,,,,,,,no,no,no,no,,,,,,,unknown,unknown,,no,no,yes,no,binance_spot,binance,yes,
DEGO,DEGO,6cca4d0784f78049,MONITORING_TAG_ADDED,2026-04-27T23:00:00+00:00,0.024,0.2916666666666667,0.2916666666666667,0.2916666666666667,0.2916666666666667,0.2916666666666667,0.2916666666666667,0.2916666666666667,yes,no,no,no,0.125,2026-04-28T02:00:00+00:00,0.031,2050518.12,53913.48697,1.901897083970343,unknown,unknown,,no,no,yes,no,binance_spot,binance,yes,
DENT,DENT,61e888f9a9a6a36e,MONITORING_TAG_ADDED,2026-02-23T17:00:00+00:00,0.000119,0.0588235294117647,2.714285714285714,2.714285714285714,2.714285714285714,2.714285714285714,2.714285714285714,2.714285714285714,yes,yes,yes,yes,2.8333333333333335,2026-02-26T13:00:00+00:00,0.000442,7329024252.0,3080930.815188,1.1963885992533536,yes,yes,-0.9208144796380092,no,no,yes,no,binance_spot,binance,yes,
DF,DF,b3e6d9131bc51e94,MONITORING_TAG_ADDED,2026-02-13T02:00:00+00:00,0.00129,,,,,,,,no,no,no,no,,,,,,,unknown,unknown,,no,no,yes,no,binance_spot,binance,yes,
DOCK,DOCK,c13b1dfe2436783d,MONITORING_TAG_ADDED,2024-07-22T02:00:00+00:00,0.00374,,,,,,,,no,no,no,no,,,,,,,unknown,unknown,,no,no,no,no,binance_spot,binance,no,
DODO,DODO,e8c8ce18661ac872,MONITORING_TAG_ADDED,2026-05-24T21:00:00+00:00,0.01639,0.1500915192190359,0.1500915192190359,0.1500915192190359,0.1500915192190359,0.1500915192190359,0.1500915192190359,0.1500915192190359,no,no,no,no,0.875,2026-05-25T18:00:00+00:00,0.01885,4847718.4,89552.634948,1.237045310345695,unknown,unknown,-0.0689655172413792,no,no,yes,no,binance_spot,binance,yes,
DREP,DREP,77b52a90a52f0b02,SPOT_TOKEN_DELISTING_ANNOUNCED,2024-04-03T02:00:00+00:00,0.025,,,,,,,,no,no,no,no,,,,,,,unknown,unknown,,no,no,no,no,binance_spot,binance,no,
ELF,ELF,2b488d2b7a3bc9e1,SPOT_TOKEN_DELISTING_ANNOUNCED,2025-04-14T07:00:00+00:00,0.1878,0.1490947816826411,0.2641107561235356,0.2641107561235356,0.2641107561235356,0.2641107561235356,0.2641107561235356,0.2641107561235356,yes,no,no,no,1.75,2025-04-16T01:00:00+00:00,0.2374,1215939.7,273209.18002,3.253363697430649,unknown,unknown,-0.0808761583824768,no,no,no,no,binance_spot,binance,no,
EPIC,EPIC,c518920624770484,MONITORING_TAG_ADDED,2026-05-29T04:00:00+00:00,0.191,0.3193717277486911,0.4345549738219896,2.387434554973822,3.31413612565445,3.31413612565445,3.31413612565445,3.31413612565445,yes,yes,yes,yes,9.916666666666666,2026-06-08T02:00:00+00:00,0.824,2564505.8,1833962.8672,3.9171377507079512,yes,yes,-0.407766990291262,no,no,yes,no,binance_spot,binance,yes,
EPX,EPX,daa09b139684a4a8,MONITORING_TAG_ADDED,2024-06-24T05:00:00+00:00,0.0001136,0.0924295774647887,0.118838028169014,0.6901408450704227,0.6901408450704227,0.6901408450704227,0.6901408450704227,0.6901408450704227,yes,yes,no,no,3.25,2024-06-27T11:00:00+00:00,0.000192,31657772621.0,5405491.9998425,3.858035236591961,yes,yes,-0.9114583333333334,no,no,yes,no,binance_spot,binance,yes,
FARM,FARM,22c469b3db8740d8,MONITORING_TAG_ADDED,2026-05-26T07:00:00+00:00,6.08,0.2779605263157894,0.2779605263157894,0.2779605263157894,0.2779605263157894,0.2779605263157894,0.2779605263157894,0.2779605263157894,yes,no,no,no,0.0416666666666666,2026-05-26T08:00:00+00:00,7.77,8279.836,58302.76164,4.161166857496706,unknown,unknown,-0.2097812097812097,no,no,yes,no,binance_spot,binance,yes,
FIO,FIO,e7ff807aa10c4697,MONITORING_TAG_ADDED,2026-04-23T02:00:00+00:00,0.00081,,,,,,,,no,no,no,no,,,,,,,unknown,unknown,,no,no,yes,no,binance_spot,binance,yes,
FIRO,FIRO,4a8314d988bfa109,MONITORING_TAG_ADDED,2024-01-05T20:00:00+00:00,1.4,0.1942857142857144,0.2292857142857143,0.3285714285714287,0.3371428571428574,0.3371428571428574,0.5571428571428574,1.135714285714286,yes,yes,yes,no,85.45833333333333,2024-03-31T07:00:00+00:00,2.99,2339044.3,6353873.0649,4.579173447404031,yes,yes,-0.9147157190635452,no,no,no,no,binance_spot,binance,no,
FIS,FIS,b61c4ff537847d96,MONITORING_TAG_ADDED,2025-07-01T18:00:00+00:00,0.0738,0.2981029810298101,0.2981029810298101,1.1124661246612466,1.1124661246612466,1.4579945799457992,1.4579945799457992,1.4579945799457992,yes,yes,yes,no,25.083333333333332,2025-07-26T20:00:00+00:00,0.1814,20193363.0,3238219.7836,2.8763278061693835,yes,yes,-0.9057331863285556,no,no,yes,no,binance_spot,binance,yes,
FLM,FLM,725932a8252a9eab,MONITORING_TAG_ADDED,2025-04-17T14:00:00+00:00,0.0136,0.1102941176470588,1.198529411764706,1.198529411764706,2.9411764705882355,2.9411764705882355,2.9411764705882355,2.9411764705882355,yes,yes,yes,yes,13.25,2025-04-30T20:00:00+00:00,0.0536,21732698.0,1122985.3923,0.320091075797657,yes,yes,-0.9347014925373134,no,no,yes,no,binance_spot,binance,yes,
FLOW,FLOW,6a25698db0b92de7,MONITORING_TAG_ADDED,2026-03-29T22:00:00+00:00,0.02804,0.0481455064194009,0.0841654778887304,0.1651212553495007,0.1968616262482168,0.5713266761768903,0.6644079885877321,0.6644079885877321,yes,yes,no,no,31.666666666666668,2026-04-30T14:00:00+00:00,0.04667,10621748.15,484813.7481347,2.809012267676891,no,no,-0.2965502464109707,no,no,no,no,binance_spot,binance,no,
FOR,FOR,419b41fc1bb70d43,MONITORING_TAG_ADDED,2024-06-24T09:00:00+00:00,0.01422,0.0970464135021096,0.1279887482419126,0.3516174402250351,0.3516174402250351,0.3516174402250351,0.5049226441631505,0.5049226441631505,yes,yes,no,no,32.333333333333336,2024-07-26T17:00:00+00:00,0.0214,321745743.0,6339889.86457,3.973996883712096,no,no,-0.8598130841121495,yes,yes,yes,no,binance_spot,binance,yes,
FUN,FUN,24a0f7579654e736,MONITORING_TAG_ADDED,2026-04-22T23:00:00+00:00,0.0003,0.1666666666666667,0.1666666666666667,0.1666666666666667,0.1666666666666667,0.1666666666666667,0.1666666666666667,0.1666666666666667,no,no,no,no,0.0416666666666666,2026-04-23T00:00:00+00:00,0.00035,32122478.0,10596.28008,-0.7305809410076285,unknown,unknown,-0.0857142857142856,no,no,yes,no,binance_spot,binance,yes,
GFT,GFT,5edb3573d0fb2768,SPOT_TOKEN_DELISTING_ANNOUNCED,2024-12-03T07:00:00+00:00,0.0019,,,,,,,,no,no,no,no,,,,,,,unknown,unknown,,no,no,no,no,binance_spot,binance,yes,
GHST,GHST,fc33d59d02e3d720,MONITORING_TAG_ADDED,2026-02-06T09:00:00+00:00,0.03,2.966666666666667,2.966666666666667,7.0,7.0,7.0,7.0,7.0,yes,yes,yes,yes,4.333333333333333,2026-02-10T17:00:00+00:00,0.24,4172640.5,911429.4581,2.6380829063486897,yes,yes,-0.5708333333333333,no,no,no,no,binance_spot,binance,no,
GPS,GPS,5fa3fcfa690cf833,MONITORING_TAG_ADDED,2025-04-18T21:00:00+00:00,0.0151,0.1258278145695364,0.3112582781456954,0.5298013245033111,0.6092715231788077,0.834437086092715,1.1059602649006623,1.5496688741721854,yes,yes,yes,no,67.66666666666667,2025-06-25T13:00:00+00:00,0.0385,103522086.3,3651081.00148,2.8747247120940753,yes,yes,-0.8862337662337663,no,no,yes,no,binance_spot,binance,yes,
GTC,GTC,084e900636ac5fbe,MONITORING_TAG_ADDED,2026-04-02T10:00:00+00:00,0.071,0.2112676056338027,0.2112676056338027,0.4225352112676059,0.4225352112676059,1.6338028169014085,2.028169014084507,2.028169014084507,yes,yes,yes,yes,39.333333333333336,2026-05-11T18:00:00+00:00,0.215,15989721.2,2957147.309,3.591306629392914,no,no,-0.5813953488372093,yes,yes,yes,no,binance_spot,binance,yes,
HARD,HARD,c54abb522c3fe7f3,MONITORING_TAG_ADDED,2024-08-05T13:00:00+00:00,0.067,0.5313432835820895,0.5313432835820895,0.5313432835820895,0.5313432835820895,1.7686567164179103,1.7686567164179103,2.134328358208955,yes,yes,yes,yes,86.83333333333333,2024-10-31T09:00:00+00:00,0.21,15439513.0,3041344.2701,0.9008276974783276,yes,yes,-0.958095238095238,no,no,no,no,binance_spot,binance,no,
HEI,HEI,ee200e0e804f9834,MONITORING_TAG_ADDED,2026-05-28T04:00:00+00:00,0.0547,0.056672760511883,2.628884826325411,2.628884826325411,2.628884826325411,2.628884826325411,2.628884826325411,2.628884826325411,yes,yes,yes,yes,2.0833333333333335,2026-05-30T06:00:00+00:00,0.1985,15283928.6,2762846.62526,0.2399883466160739,yes,yes,-0.676574307304786,no,no,yes,no,binance_spot,binance,yes,
HFT,HFT,70cb64249d0273f1,MONITORING_TAG_ADDED,2026-05-26T17:00:00+00:00,0.0109,0.0183486238532111,0.0183486238532111,0.0183486238532111,0.0183486238532111,0.0183486238532111,0.0183486238532111,0.0183486238532111,no,no,no,no,0.0416666666666666,2026-05-26T18:00:00+00:00,0.0111,1048519.8,11549.93802,0.0203990196587293,unknown,unknown,-0.018018018018018,no,no,yes,no,binance_spot,binance,yes,
HIFI,HIFI,2c99c44cb7fd8609,MONITORING_TAG_ADDED,2025-06-13T01:00:00+00:00,0.0639,0.1205007824726134,0.1502347417840375,0.187793427230047,1.0985915492957743,1.431924882629108,1.431924882629108,1.431924882629108,yes,yes,yes,no,20.958333333333332,2025-07-04T00:00:00+00:00,0.1554,2878861.3,440272.67711,0.9985461386741746,no,no,-0.6743886743886744,yes,yes,yes,no,binance_spot,binance,yes,
HIGH,HIGH,8fa523c997c7d4f5,MONITORING_TAG_ADDED,2026-04-16T15:00:00+00:00,0.107,0.1121495327102803,4.5046728971962615,4.5046728971962615,4.5046728971962615,4.5046728971962615,4.5046728971962615,4.5046728971962615,yes,yes,yes,yes,1.6666666666666667,2026-04-18T07:00:00+00:00,0.589,38739543.412,18079411.845935,4.046160149755425,yes,yes,-0.7843803056027164,no,no,no,no,binance_spot,binance,no,
HOOK,HOOK,b9485d9081530016,MONITORING_TAG_ADDED,2026-03-31T12:00:00+00:00,0.0048,1.2916666666666663,1.2916666666666663,1.2916666666666663,1.2916666666666663,1.2916666666666663,1.2916666666666663,1.2916666666666663,yes,yes,yes,no,0.4166666666666667,2026-03-31T22:00:00+00:00,0.011,7300987.7,59338.17783,2.723433896451144,unknown,unknown,-0.3363636363636363,yes,yes,yes,no,binance_spot,binance,yes,
IDEX,IDEX,63e9d71a835421ba,MONITORING_TAG_ADDED,2025-07-07T12:00:00+00:00,0.0156,0.175,0.175,0.9743589743589745,0.9743589743589745,1.8666666666666671,1.8666666666666671,1.8666666666666671,yes,yes,yes,no,18.25,2025-07-25T18:00:00+00:00,0.04472,186841974.2,7475275.020211,2.556812451277524,yes,yes,-0.9555008944543828,no,no,no,no,binance_spot,binance,no,
IDRT,IDRT,3c7fc4d113e04b96,SPOT_TOKEN_DELISTING_ANNOUNCED,,,,,,,,,,,,,,,,,,,,,,,,,,,,,yes,missing_bottom_or_path
IRIS,IRIS,92f6841824deef01,MONITORING_TAG_ADDED,2024-07-12T10:00:00+00:00,0.01149,0.3777197563098347,0.6483899042645778,0.6483899042645778,1.1583986074847692,1.165361183637946,1.165361183637946,1.165361183637946,yes,yes,yes,no,14.041666666666666,2024-07-26T11:00:00+00:00,0.02488,227187080.6,5215283.476346,1.4665949779210088,yes,yes,-0.7990353697749196,no,no,yes,no,binance_spot,binance,yes,
KDA,KDA,28b99dfcb851026e,SPOT_TOKEN_DELISTING_ANNOUNCED,2025-11-12T01:00:00+00:00,0.0048,0.3333333333333335,0.3333333333333335,0.3333333333333335,0.3333333333333335,0.3333333333333335,0.3333333333333335,0.3333333333333335,yes,no,no,no,0.0416666666666666,2025-11-12T02:00:00+00:00,0.0064,32864060.86,186260.163024,0.2970287183343739,unknown,unknown,,no,no,no,no,binance_spot,binance,no,
KEY,KEY,0af050f2f61a9816,MONITORING_TAG_ADDED,2024-12-09T21:00:00+00:00,0.0009,0.7322222222222223,0.7322222222222223,0.7322222222222223,0.7322222222222223,0.7322222222222223,0.7322222222222223,0.7322222222222223,yes,yes,no,no,0.125,2024-12-10T00:00:00+00:00,0.001559,145209009.0,198869.465872,0.476986042396347,unknown,unknown,-0.3245670301475305,yes,yes,no,no,binance_spot,binance,no,
KMD,KMD,2a7c0c057f11d40d,MONITORING_TAG_ADDED,2025-07-03T22:00:00+00:00,0.0142,0.443661971830986,0.443661971830986,0.443661971830986,0.443661971830986,0.443661971830986,0.443661971830986,0.443661971830986,yes,no,no,no,0.125,2025-07-04T01:00:00+00:00,0.0205,2008273.0,35334.3055,-0.5802082418728718,unknown,unknown,-0.2682926829268293,no,no,yes,no,binance_spot,binance,yes,
KP3R,KP3R,6349e349f6963185,MONITORING_TAG_ADDED,2024-01-23T14:00:00+00:00,66.02,0.0728567100878521,0.0917903665555892,0.1625265071190549,0.1625265071190549,0.2056952438654953,0.570433202059982,0.984247197818843,yes,yes,no,no,67.33333333333333,2024-03-30T22:00:00+00:00,131.0,103223.95,12335902.6081,4.449587319851899,no,no,-0.9189312977099235,yes,yes,no,no,binance_spot,binance,no,
LEVER,LEVER,3f5bbe904576db02,MONITORING_TAG_ADDED,2025-07-04T02:00:00+00:00,0.000162,,,,,,,,no,no,no,no,,,,,,,unknown,unknown,,no,no,no,no,binance_spot,binance,no,
LINA,LINA,028ddc85ac40eb5b,SPOT_TOKEN_DELISTING_ANNOUNCED,2025-03-27T22:00:00+00:00,0.000306,0.2058823529411764,0.2058823529411764,0.2058823529411764,0.2058823529411764,0.2058823529411764,0.2058823529411764,0.2058823529411764,yes,no,no,no,0.0416666666666666,2025-03-27T23:00:00+00:00,0.000369,208557263.0,70471.218128,-0.7938854306494411,unknown,unknown,-0.1436314363143632,no,no,no,no,binance_spot,binance,yes,
LOOM,LOOM,bcffb8b6dc13c97c,SPOT_TOKEN_DELISTING_ANNOUNCED,2024-08-19T16:00:00+00:00,0.0454,0.0779735682819382,0.0779735682819382,0.1334801762114537,0.1334801762114537,0.1334801762114537,0.1334801762114537,0.1334801762114537,no,no,no,no,5.041666666666667,2024-08-24T17:00:00+00:00,0.05146,1639078.0,83753.72656,2.461605200871044,no,no,-0.0682083171395258,no,no,yes,no,binance_spot,binance,yes,
LRC,LRC,5ee0d43cf83437cb,MONITORING_TAG_ADDED,2026-04-01T02:00:00+00:00,0.0183,,,,,,,,no,no,no,no,,,,,,,unknown,unknown,,no,no,no,no,binance_spot,binance,no,
LTO,LTO,df810f78fc4e4193,MONITORING_TAG_ADDED,2025-07-01T23:00:00+00:00,0.0104,0.2596153846153848,0.2596153846153848,0.2596153846153848,0.2596153846153848,0.2596153846153848,0.2596153846153848,0.2596153846153848,yes,no,no,no,0.125,2025-07-02T02:00:00+00:00,0.0131,15153027.0,187684.1383,2.887472979865787,no,no,-0.7786259541984732,no,yes,no,no,binance_spot,binance,no,
MBL,MBL,fb4cbaedb67a967c,MONITORING_TAG_ADDED,2024-07-04T18:00:00+00:00,0.0017,0.3517647058823532,0.3517647058823532,0.5217647058823529,0.5217647058823529,1.0847058823529414,1.0847058823529414,1.0847058823529414,yes,yes,yes,no,24.041666666666668,2024-07-28T19:00:00+00:00,0.003544,1137162104.0,3405889.452878,4.659291764145428,yes,yes,-0.789785553047404,no,no,no,no,binance_spot,binance,no,
MBOX,MBOX,89466c1eb51993df,MONITORING_TAG_ADDED,2026-05-17T23:00:00+00:00,0.0102,0.1078431372549018,0.392156862745098,0.392156862745098,0.392156862745098,0.392156862745098,0.392156862745098,0.392156862745098,yes,no,no,no,1.2916666666666667,2026-05-19T06:00:00+00:00,0.0142,74198033.8,1011755.32776,2.4026138718576178,no,no,-0.2464788732394367,no,no,no,no,binance_spot,binance,no,
MDT,MDT,9f755b05acbad2ef,MONITORING_TAG_ADDED,2025-07-01T19:00:00+00:00,0.01227,0.1067644661776692,0.1809290953545232,0.6039119804400979,0.9095354523227384,2.9804400977995114,2.9804400977995114,2.9804400977995114,yes,yes,yes,yes,23.791666666666668,2025-07-25T14:00:00+00:00,0.04884,412764286.1,17790904.790777,3.000037803202552,yes,yes,-0.9248566748566748,no,no,yes,no,binance_spot,binance,yes,
MDX,MDX,92ea1ce575290a09,MONITORING_TAG_ADDED,2024-01-24T06:00:00+00:00,0.0551,0.08529945553539,0.087114337568058,0.1506352087114337,0.1524500907441015,0.2867513611615244,0.726315789473684,0.726315789473684,yes,yes,no,no,49.833333333333336,2024-03-14T02:00:00+00:00,0.09512,5220417.9,491496.458148,3.186744991729135,no,no,-0.7897392767031118,yes,yes,no,no,binance_spot,binance,no,
MLN,MLN,d83b4d4e12311776,MONITORING_TAG_ADDED,2026-05-26T18:00:00+00:00,1.66,0.066265060240964,0.066265060240964,0.066265060240964,0.066265060240964,0.066265060240964,0.066265060240964,0.066265060240964,no,no,no,no,0.0416666666666666,2026-05-26T19:00:00+00:00,1.77,3285.47,5680.76023,-0.5196522391136366,unknown,unknown,-0.0508474576271187,no,no,yes,no,binance_spot,binance,yes,
MOB,MOB,018313d3408ec969,MONITORING_TAG_ADDED,2024-03-29T15:00:00+00:00,0.0512,4.58984375,4.58984375,4.58984375,4.58984375,4.58984375,4.58984375,4.58984375,yes,yes,yes,yes,0.3333333333333333,2024-03-29T23:00:00+00:00,0.2862,223559192.81,50638290.348941,3.5934323532012655,yes,yes,-0.7851153039832285,no,no,no,no,binance_spot,binance,no,
MOVE,MOVE,18140f8172feb64b,MONITORING_TAG_ADDED,2025-06-22T20:00:00+00:00,0.111,0.5,0.7153153153153153,0.8018018018018018,0.8018018018018018,0.8243243243243243,0.8243243243243243,0.8243243243243243,yes,yes,no,no,28.583333333333332,2025-07-21T10:00:00+00:00,0.2025,27856136.7,5487350.79143,3.754059918757223,yes,yes,-0.9224691358024693,no,no,no,no,binance_spot,binance,no,
MULTI,MULTI,251d2bba37e3dd64,SPOT_TOKEN_DELISTING_ANNOUNCED,2024-02-20T02:00:00+00:00,0.803,,,,,,,,no,no,no,no,,,,,,,unknown,unknown,,no,no,no,no,binance_spot,binance,no,
NFP,NFP,1713e6ad64f92db2,MONITORING_TAG_ADDED,2026-05-26T03:00:00+00:00,0.0097,0.056701030927835,0.056701030927835,0.056701030927835,0.056701030927835,0.056701030927835,0.056701030927835,0.056701030927835,no,no,no,no,0.1666666666666666,2026-05-26T07:00:00+00:00,0.01025,5524709.0,56052.05749,0.2401544893947002,unknown,unknown,-0.0331707317073171,no,no,yes,no,binance_spot,binance,yes,
NKN,NKN,adf7b79baadd3250,MONITORING_TAG_ADDED,2025-04-17T03:00:00+00:00,0.016,0.1187499999999999,1.375,2.75,2.75,2.75,2.75,2.75,yes,yes,yes,yes,3.0833333333333335,2025-04-20T05:00:00+00:00,0.06,271161237.0,14183831.0553,3.3529174538783812,yes,yes,-0.9483333333333334,no,no,yes,no,binance_spot,binance,yes,
NOM,NOM,5b4814473eb320a9,MONITORING_TAG_ADDED,2026-05-22T23:00:00+00:00,0.00201,0.2388059701492537,0.2388059701492537,0.2388059701492537,0.2388059701492537,0.2388059701492537,0.2388059701492537,0.2388059701492537,yes,no,no,no,0.7083333333333334,2026-05-23T16:00:00+00:00,0.00249,618556229.0,1459762.30009,2.37370339881088,no,no,-0.1646586345381526,no,no,yes,no,binance_spot,binance,yes,
NON,NON,94faf9340260e22c,SPOT_TOKEN_DELISTING_ANNOUNCED,,,,,,,,,,,,,,,,,,,,,,,,,,,,,yes,missing_bottom_or_path
NTRN,NTRN,d133553a8f6c79b6,MONITORING_TAG_ADDED,2026-04-01T02:00:00+00:00,0.0013,,,,,,,,no,no,no,no,,,,,,,unknown,unknown,,no,no,yes,no,binance_spot,binance,yes,
NULS,NULS,0b0fef5c55d48f0f,MONITORING_TAG_ADDED,2025-04-16T00:00:00+00:00,0.0227,0.2643171806167399,0.2643171806167399,0.2643171806167399,0.2643171806167399,0.2643171806167399,0.2643171806167399,0.2643171806167399,yes,no,no,no,0.0833333333333333,2025-04-16T02:00:00+00:00,0.0287,704919.0,18286.7081,-0.4711379449174194,unknown,unknown,,no,no,yes,no,binance_spot,binance,yes,
OAX,OAX,3f3886d7f85907a2,SPOT_TOKEN_DELISTING_ANNOUNCED,2024-12-10T02:00:00+00:00,0.0356,,,,,,,,no,no,no,no,,,,,,,unknown,unknown,,no,no,yes,no,binance_spot,binance,yes,
OMG,OMG,2b516f723278de6a,SPOT_TOKEN_DELISTING_ANNOUNCED,2024-06-07T18:00:00+00:00,0.357,0.4677871148459385,0.4677871148459385,0.4677871148459385,0.4677871148459385,0.4677871148459385,0.4677871148459385,0.4677871148459385,yes,no,no,no,0.7083333333333334,2024-06-08T11:00:00+00:00,0.524,5174509.5,2502192.4663,3.247213850000361,yes,yes,-0.3148854961832061,no,no,no,no,binance_spot,binance,no,
OOKI,OOKI,6e6a33f0d9f83771,SPOT_TOKEN_DELISTING_ANNOUNCED,2024-11-06T02:00:00+00:00,0.000116,,,,,,,,no,no,no,no,,,,,,,unknown,unknown,,no,no,no,no,binance_spot,binance,no,
OXT,OXT,f3b4f1d87991a6c5,MONITORING_TAG_ADDED,2026-04-23T01:00:00+00:00,0.0092,0.0652173913043479,0.0652173913043479,0.0652173913043479,0.0652173913043479,0.0652173913043479,0.0652173913043479,0.0652173913043479,no,no,no,no,0.0416666666666666,2026-04-23T02:00:00+00:00,0.0098,1270152.0,12087.7483,-0.4550428778052595,unknown,unknown,,no,no,yes,no,binance_spot,binance,yes,
PDA,PDA,0cc30ba0df8ec322,MONITORING_TAG_ADDED,2025-05-01T17:00:00+00:00,0.0071,1.0816901408450703,1.0816901408450703,1.0816901408450703,1.0816901408450703,1.0816901408450703,1.0816901408450703,1.0816901408450703,yes,yes,yes,no,0.0416666666666666,2025-05-01T18:00:00+00:00,0.01478,84191403.8,976003.784168,3.488811076118077,unknown,unknown,-0.4248985115020297,yes,yes,no,no,binance_spot,binance,no,
PERL,PERL,8660726da9a31951,SPOT_TOKEN_DELISTING_ANNOUNCED,2023-12-07T02:00:00+00:00,0.00453,,,,,,,,no,no,no,no,,,,,,,unknown,unknown,,no,no,no,no,binance_spot,binance,no,
PERP,PERP,9793cd97d25ee40f,MONITORING_TAG_ADDED,2025-04-14T07:00:00+00:00,0.1635,0.1327217125382263,0.1926605504587155,1.161467889908257,1.2886850152905196,1.2886850152905196,1.2886850152905196,1.2886850152905196,yes,yes,yes,no,13.25,2025-04-27T13:00:00+00:00,0.3742,4081699.57,1475523.119147,2.634544591923612,yes,yes,-0.909139497594869,no,no,yes,no,binance_spot,binance,yes,
PHB,PHB,166f11821f80f970,MONITORING_TAG_ADDED,2026-05-26T22:00:00+00:00,0.029,,,,,,,,no,no,no,no,,,,,,,unknown,unknown,,no,no,yes,no,binance_spot,binance,yes,
PNT,PNT,31a48282d85a2000,SPOT_TOKEN_DELISTING_ANNOUNCED,2024-04-03T02:00:00+00:00,0.0215,,,,,,,,no,no,no,no,,,,,,,unknown,unknown,,no,no,no,no,binance_spot,binance,no,
POLS,POLS,167819d9a56f2560,MONITORING_TAG_ADDED,2024-07-08T17:00:00+00:00,0.2842,0.5464461646727656,0.5464461646727656,0.6498944405348346,0.6498944405348346,0.6498944405348346,0.6498944405348346,0.6498944405348346,yes,yes,no,no,4.708333333333333,2024-07-13T10:00:00+00:00,0.4689,2696078.6,1202819.04254,0.4792967428516158,yes,yes,-0.3495414800597142,no,no,no,no,binance_spot,binance,no,
POND,POND,35a9e6faaa5862b7,MONITORING_TAG_ADDED,2026-05-22T20:00:00+00:00,0.00135,0.0740740740740739,1.5629629629629629,1.5629629629629629,1.5629629629629629,1.5629629629629629,1.5629629629629629,1.5629629629629629,yes,yes,yes,no,2.8333333333333335,2026-05-25T16:00:00+00:00,0.00346,1323669635.0,3244098.08285,4.694813278346221,no,no,-0.4710982658959537,yes,yes,yes,no,binance_spot,binance,yes,
PORTAL,PORTAL,a556e77327afcd24,MONITORING_TAG_ADDED,2025-06-22T20:00:00+00:00,0.0267,0.2022471910112357,0.3220973782771534,0.3220973782771534,0.7003745318352059,2.176029962546816,2.176029962546816,2.176029962546816,yes,yes,yes,yes,18.666666666666668,2025-07-11T12:00:00+00:00,0.0848,274565874.7,20251230.09087,4.576123615069719,no,no,-0.9139150943396226,yes,yes,no,no,binance_spot,binance,no,
PROS,PROS,14c99625149e363a,MONITORING_TAG_ADDED,2024-10-03T16:00:00+00:00,0.2562,0.1900858704137393,0.1900858704137393,1.93871975019516,1.93871975019516,1.93871975019516,3.575331772053083,3.575331772053083,yes,yes,yes,yes,42.083333333333336,2024-11-14T18:00:00+00:00,1.1722,17617318.0,18287340.7344,1.3718325820859052,yes,yes,-0.9785872717966216,no,no,no,no,binance_spot,binance,no,
PYTH,PYTH,892c4aa7b773f859,MONITORING_TAG_REMOVED,2025-07-09T04:00:00+00:00,0.0979,0.0858018386108274,0.2400408580183859,0.2962206332992851,0.572012257405516,0.572012257405516,1.5536261491317669,1.5536261491317669,yes,yes,yes,no,50.833333333333336,2025-08-29T00:00:00+00:00,0.25,139847849.4,32452100.75667,1.7063952884832538,yes,yes,-0.856,no,no,yes,no,binance_spot,binance,yes,
QI,QI,31663d580e98be67,MONITORING_TAG_ADDED,2026-03-29T22:00:00+00:00,0.00135,0.0222222222222221,0.0370370370370369,0.0518518518518518,0.1555555555555554,1.0,1.0,1.0,yes,yes,yes,no,21.625,2026-04-20T13:00:00+00:00,0.0027,385508342.0,893483.097,2.6981229910340288,no,no,-0.4518518518518518,yes,yes,yes,no,binance_spot,binance,yes,
QUICK,QUICK,88394d4087b17e7e,MONITORING_TAG_ADDED,2026-05-26T10:00:00+00:00,0.00708,0.0932203389830508,0.0932203389830508,0.0932203389830508,0.0932203389830508,0.0932203389830508,0.0932203389830508,0.0932203389830508,no,no,no,no,0.0833333333333333,2026-05-26T12:00:00+00:00,0.00774,1834642.0,14086.34873,-0.2680451256204482,unknown,unknown,-0.0490956072351421,no,no,yes,no,binance_spot,binance,yes,
RDNT,RDNT,c643d1df6b26e19d,MONITORING_TAG_ADDED,2026-04-01T02:00:00+00:00,0.00321,,,,,,,,no,no,no,no,,,,,,,unknown,unknown,,no,no,yes,no,binance_spot,binance,yes,
REEF,REEF,459073a914558055,MONITORING_TAG_ADDED,2024-01-23T09:00:00+00:00,0.001321,0.0764572293716883,0.1014383043149129,0.1347464042392128,0.1370174110522333,0.4595003785011355,3.155942467827404,3.155942467827404,yes,yes,yes,yes,48.916666666666664,2024-03-12T07:00:00+00:00,0.00549,6615839000.0,33039878.56454,3.7302632696691216,no,no,-0.8814207650273224,yes,yes,no,no,binance_spot,binance,no,
REI,REI,95453d2e61ce0ed3,MONITORING_TAG_ADDED,2025-06-22T20:00:00+00:00,0.01331,0.1412471825694965,0.2028549962434258,0.2344102178812921,0.2607062359128473,0.5101427498121711,1.3966942148760326,1.3966942148760326,yes,yes,yes,no,33.666666666666664,2025-07-26T12:00:00+00:00,0.0319,177970209.7,5302431.303039,1.4503834162667009,no,no,-0.9247648902821316,yes,yes,yes,no,binance_spot,binance,yes,
REN,REN,55c6f3a56b85b5ee,SPOT_TOKEN_DELISTING_ANNOUNCED,2024-11-26T09:00:00+00:00,0.03456,0.3307291666666667,0.4120370370370372,2.343460648148148,2.343460648148148,2.343460648148148,2.343460648148148,2.343460648148148,yes,yes,yes,yes,3.1666666666666665,2024-11-29T13:00:00+00:00,0.11555,381026543.0,29517546.416601,4.111342836599974,yes,yes,-0.6737343141497187,no,no,no,no,binance_spot,binance,no,
RESOLV,RESOLV,b3172c363e7bc7a7,MONITORING_TAG_ADDED,2026-05-26T17:00:00+00:00,0.0219,0.0639269406392695,0.0639269406392695,0.0639269406392695,0.0639269406392695,0.0639269406392695,0.0639269406392695,0.0639269406392695,no,no,no,no,0.125,2026-05-26T20:00:00+00:00,0.0233,1055330.5,24422.72412,-1.015281016520106,unknown,unknown,-0.0257510729613733,no,no,no,no,binance_spot,binance,no,
SLF,SLF,75401db392ee79e3,MONITORING_TAG_ADDED,2025-09-17T02:00:00+00:00,0.0156,,,,,,,,no,no,no,no,,,,,,,unknown,unknown,,no,no,no,no,binance_spot,binance,no,
SNM,SNM,8c77ca08a398851d,SPOT_TOKEN_DELISTING_ANNOUNCED,,,,,,,,,,,,,,,,,,,,,,,,,,,,,yes,missing_bottom_or_path
SNT,SNT,bf72bb1d09062290,MONITORING_TAG_ADDED,2024-08-05T06:00:00+00:00,0.01612,0.1811414392059556,0.3405707196029779,0.4150124069478909,0.4150124069478909,0.7295285359801489,0.7295285359801489,0.7928039702233252,yes,yes,no,no,73.75,2024-10-18T00:00:00+00:00,0.0289,23111856.0,617891.27768,2.1818730654194947,yes,yes,-0.4515570934256055,no,no,no,no,binance_spot,binance,no,
SRM,SRM,0e162a9646208d35,SPOT_TOKEN_DELISTING_ANNOUNCED,,,,,,,,,,,,,,,,,,,,,,,,,,,,,yes,missing_bottom_or_path
STMX,STMX,c7d11f997d396961,MONITORING_TAG_ADDED,2025-02-03T02:00:00+00:00,0.003415,0.3999999999999999,0.3999999999999999,0.3999999999999999,0.4313323572474377,0.9765739385065886,0.9765739385065886,0.9765739385065886,yes,yes,no,no,19.041666666666668,2025-02-22T03:00:00+00:00,0.00675,558723229.0,3228452.884201,3.812257639360468,yes,yes,-0.3528888888888888,no,no,no,no,binance_spot,binance,no,
STORJ,STORJ,f63547e56df03876,MONITORING_TAG_ADDED,2026-05-26T03:00:00+00:00,0.0987,0.0425531914893617,0.0425531914893617,0.0425531914893617,0.0425531914893617,0.0425531914893617,0.0425531914893617,0.0425531914893617,no,no,no,no,0.8333333333333334,2026-05-26T23:00:00+00:00,0.1029,101003.0,10340.4154,-0.6594100106473642,unknown,unknown,,no,no,yes,no,binance_spot,binance,yes,
STPT,STPT,34739c73dc72f1d0,MONITORING_TAG_ADDED,2025-04-07T06:00:00+00:00,0.03008,0.231382978723404,0.6612367021276597,0.6612367021276597,0.6612367021276597,1.7596409574468086,1.876994680851064,1.876994680851064,yes,yes,yes,no,31.75,2025-05-09T00:00:00+00:00,0.08654,87019673.1,7155451.773737,4.544410458223155,yes,yes,-0.2479778137277559,no,no,no,no,binance_spot,binance,no,
SUN,SUN,d40e87ef3d1ebf58,MONITORING_TAG_ADDED,2024-08-05T13:00:00+00:00,0.00803,0.074719800747198,0.1270236612702366,0.1469489414694893,0.4271481942714819,4.584059775840597,4.584059775840597,4.584059775840597,yes,yes,yes,yes,19.708333333333332,2024-08-25T06:00:00+00:00,0.04484,188701751.0,8218165.12453,0.8161019169272725,no,no,-0.6674843889384479,yes,yes,no,no,binance_spot,binance,no,
SXP,SXP,cf537e599c97af65,MONITORING_TAG_ADDED,2026-02-24T08:00:00+00:00,0.0186,0.4301075268817205,0.4301075268817205,0.4301075268817205,0.4677419354838712,0.4677419354838712,0.4677419354838712,0.4677419354838712,yes,no,no,no,10.416666666666666,2026-03-06T18:00:00+00:00,0.0273,35936280.7,904457.41446,2.669384126430045,no,no,-0.9304029304029304,no,yes,yes,no,binance_spot,binance,yes,
SYN,SYN,f0150e75bcb7b849,MONITORING_TAG_ADDED,2026-05-26T19:00:00+00:00,0.0422,0.0213270142180095,0.0213270142180095,0.0213270142180095,0.0213270142180095,0.0213270142180095,0.0213270142180095,0.0213270142180095,no,no,no,no,0.125,2026-05-26T22:00:00+00:00,0.0431,269279.6,11549.96489,0.2553062597064809,unknown,unknown,-0.0092807424593966,no,no,yes,no,binance_spot,binance,yes,
SYS,SYS,3635c4847266eeb7,MONITORING_TAG_ADDED,2026-05-26T20:00:00+00:00,0.00193,1.7875647668393784,1.7875647668393784,1.7875647668393784,1.7875647668393784,1.7875647668393784,1.7875647668393784,1.7875647668393784,yes,yes,yes,no,0.125,2026-05-26T23:00:00+00:00,0.00538,50600720.0,218275.28762,4.3558332383444185,unknown,unknown,,no,no,yes,no,binance_spot,binance,yes,
TAO,TAO,497dc1d81fd0d8f9,MONITORING_TAG_REMOVED,2025-09-28T12:00:00+00:00,289.4,0.0628887353144438,0.0915687629578438,0.1423635107118177,0.3752591568762959,0.3752591568762959,0.3752591568762959,0.3752591568762959,yes,no,no,no,12.041666666666666,2025-10-10T13:00:00+00:00,398.0,26403.9726,10318547.20757,2.7602260081517787,no,no,-0.6482412060301508,no,yes,no,no,binance_spot,binance,no,
THE,THE,2992917afa584581,MONITORING_TAG_REMOVED,2025-07-09T04:00:00+00:00,0.2309,0.0567345171069726,0.3209181463837158,1.728453876136856,1.728453876136856,1.728453876136856,1.728453876136856,2.1312256388046773,yes,yes,yes,yes,74.41666666666667,2025-09-21T14:00:00+00:00,0.723,24478169.6,16692474.74449,2.068594314105297,yes,yes,-0.8972337482710927,no,no,yes,no,binance_spot,binance,yes,
TLM,TLM,53093ab4bf09fee7,MONITORING_TAG_ADDED,2026-06-07T20:00:00+00:00,0.001,0.0809999999999999,0.0809999999999999,0.0809999999999999,0.0809999999999999,0.0809999999999999,0.0809999999999999,0.0809999999999999,no,no,no,no,0.0833333333333333,2026-06-07T22:00:00+00:00,0.001081,31687509.0,33650.418892,1.5942704276684518,unknown,unknown,-0.0555041628122108,no,no,yes,no,binance_spot,binance,yes,
TORN,TORN,890d16cda52aee13,SPOT_TOKEN_DELISTING_ANNOUNCED,,,,,,,,,,,,,,,,,,,,,,,,,,,,,yes,missing_bottom_or_path
TROY,TROY,db0cdaac498440e7,MONITORING_TAG_ADDED,2025-04-02T05:00:00+00:00,0.000743,0.1965006729475102,0.1965006729475102,0.1965006729475102,0.1965006729475102,0.1965006729475102,0.1965006729475102,0.1965006729475102,no,no,no,no,0.625,2025-04-02T20:00:00+00:00,0.000889,763591838.0,655544.971623,1.906604774183784,no,no,-0.9313835770528684,no,no,no,no,binance_spot,binance,no,
UFT,UFT,93a4361a2732433c,MONITORING_TAG_ADDED,2025-04-16T00:00:00+00:00,0.0086,0.2558139534883721,0.2558139534883721,0.2558139534883721,0.2558139534883721,0.2558139534883721,0.2558139534883721,0.2558139534883721,yes,no,no,no,0.0416666666666666,2025-04-16T01:00:00+00:00,0.0108,1508017.0,14886.1418,-0.38327471949033,unknown,unknown,-0.1944444444444445,no,no,yes,no,binance_spot,binance,yes,
UNFI,UNFI,bcbb33fb0a078dbd,MONITORING_TAG_ADDED,2024-04-13T20:00:00+00:00,2.511,0.4575866188769415,0.4575866188769415,0.6252489048187975,0.6475507765830344,0.7196336121067302,1.3496614894464356,1.3496614894464356,yes,yes,yes,no,39.791666666666664,2024-05-23T15:00:00+00:00,5.9,340231.8,1970200.8781,0.6613460903041576,yes,yes,-0.7774576271186441,no,no,no,no,binance_spot,binance,no,
VAI,VAI,9f5912ee50a005d4,MONITORING_TAG_ADDED,,,,,,,,,,,,,,,,,,,,,,,,,,,,,yes,missing_bottom_or_path
VELODROME,VELODROME,19b84d1ea3ca7fa5,MONITORING_TAG_ADDED,2026-04-14T22:00:00+00:00,0.01434,0.0585774058577406,0.219665271966527,0.2343096234309623,0.3263598326359831,0.3709902370990237,0.3709902370990237,0.3709902370990237,yes,no,no,no,25.75,2026-05-10T16:00:00+00:00,0.01966,1652532.3,32215.632268,1.055615822431818,no,no,-0.2533062054933875,no,no,yes,no,binance_spot,binance,yes,
VGX,VGX,ca86e505313d35f7,SPOT_TOKEN_DELISTING_ANNOUNCED,2024-08-25T23:00:00+00:00,0.0127,0.4881889763779528,0.4881889763779528,0.4881889763779528,0.4881889763779528,0.4881889763779528,0.4881889763779528,0.4881889763779528,yes,no,no,no,0.0416666666666666,2024-08-26T00:00:00+00:00,0.0189,14266886.6,258026.52362,-0.1536544715617822,unknown,unknown,-0.1322751322751322,no,no,no,no,binance_spot,binance,no,
VIB,VIB,d485d7796d3134c1,MONITORING_TAG_ADDED,2025-05-02T02:00:00+00:00,0.0018,,,,,,,,no,no,no,no,,,,,,,unknown,unknown,,no,no,no,no,binance_spot,binance,no,
VIC,VIC,160aee0f5e2dd2e9,MONITORING_TAG_ADDED,2026-04-30T11:00:00+00:00,0.0416,0.2668269230769231,0.2668269230769231,0.2668269230769231,1.0913461538461535,1.0913461538461535,1.0913461538461535,1.0913461538461535,yes,yes,yes,no,12.208333333333334,2026-05-12T16:00:00+00:00,0.087,52609504.37,3940012.562938,3.611064877443774,no,no,-0.4126436781609195,yes,yes,yes,no,binance_spot,binance,yes,
VIDT,VIDT,c93a669847ebc63d,MONITORING_TAG_ADDED,2025-04-16T02:00:00+00:00,0.00105,,,,,,,,no,no,no,no,,,,,,,unknown,unknown,,no,no,no,no,binance_spot,binance,no,
VITE,VITE,b0e2fef6b72f5dbc,MONITORING_TAG_ADDED,2024-11-03T15:00:00+00:00,0.0098,0.073469387755102,0.1285714285714285,0.3755102040816327,0.9102040816326532,0.9102040816326532,1.1316326530612244,1.1316326530612244,yes,yes,yes,no,40.791666666666664,2024-12-14T10:00:00+00:00,0.02089,196763675.8,3884622.909691,1.8838158580394184,no,no,-0.961704164672092,yes,yes,yes,no,binance_spot,binance,yes,
VOXEL,VOXEL,e0c3a1cadfeb9ad2,MONITORING_TAG_ADDED,2025-04-17T13:00:00+00:00,0.0201,0.1144278606965174,7.865671641791044,7.865671641791044,7.865671641791044,7.865671641791044,7.865671641791044,7.865671641791044,yes,yes,yes,yes,2.5416666666666665,2025-04-20T02:00:00+00:00,0.1782,179604881.9,21312889.26484,3.9076923272069823,yes,yes,-0.9270482603815936,no,no,yes,no,binance_spot,binance,yes,
WAN,WAN,f1627838a2164868,MONITORING_TAG_ADDED,2025-10-10T21:00:00+00:00,0.06,0.6316666666666668,0.6316666666666668,0.6316666666666668,0.6316666666666668,0.6316666666666668,0.6316666666666668,0.6316666666666668,yes,yes,no,no,0.75,2025-10-11T15:00:00+00:00,0.0979,20537625.0,1716794.6855,4.618634079076405,yes,yes,-0.4892747701736465,no,no,no,no,binance_spot,binance,no,
WAVES,WAVES,c93ee5f086c41471,MONITORING_TAG_ADDED,2024-06-17T01:00:00+00:00,0.951,0.1377497371188223,0.1377497371188223,0.1377497371188223,0.1377497371188223,0.1377497371188223,0.1377497371188223,0.1377497371188223,no,no,no,no,0.0416666666666666,2024-06-17T02:00:00+00:00,1.082,322174.38,329882.30321,1.7715858335842998,unknown,unknown,,no,no,no,no,binance_spot,binance,no,
WIF,WIF,8fc0ed1fa5f76c22,MONITORING_TAG_ADDED,2026-03-11T05:00:00+00:00,0.161,0.0745341614906831,0.1304347826086955,0.2049689440993789,0.2236024844720496,0.2857142857142856,0.7391304347826089,0.7391304347826089,yes,yes,no,no,56.0,2026-05-06T05:00:00+00:00,0.28,69308823.19,16922357.66235,4.675596960682374,no,no,-0.3607142857142857,yes,yes,no,no,binance_spot,binance,no,
WING,WING,8025080a0cc8fac6,MONITORING_TAG_ADDED,2025-05-02T02:00:00+00:00,0.291,,,,,,,,no,no,no,no,,,,,,,unknown,unknown,,no,no,no,no,binance_spot,binance,no,
WNXM,WNXM,832b8eba4d6c1d29,MONITORING_TAG_ADDED,2024-04-13T21:00:00+00:00,57.11,0.1206443705130451,0.1836806163544038,0.1836806163544038,0.2088951146909474,0.2216774645421115,0.501838557170373,0.501838557170373,yes,yes,no,no,43.791666666666664,2024-05-27T16:00:00+00:00,85.77,264.72,22566.5413,-0.1729046903638564,no,no,-0.2742217558586918,no,no,yes,no,binance_spot,binance,yes,
WRX,WRX,4cc3c268e5d9fbd4,SPOT_TOKEN_DELISTING_ANNOUNCED,2024-12-25T02:00:00+00:00,0.0144,,,,,,,,no,no,no,no,,,,,,,unknown,unknown,,no,no,no,no,binance_spot,binance,yes,
WTC,WTC,368a3d7cdf4b4eeb,MONITORING_TAG_ADDED,2023-12-07T02:00:00+00:00,0.01,,,,,,,,no,no,no,no,,,,,,,unknown,unknown,,no,no,no,no,binance_spot,binance,no,
XEM,XEM,a956d4f5da81e55f,MONITORING_TAG_ADDED,2023-10-12T09:00:00+00:00,0.02414,0.0314830157415078,0.0753935376967687,0.1130903065451531,0.2216238608119303,0.8641259320629657,0.8641259320629657,0.8641259320629657,yes,yes,no,no,27.666666666666668,2023-11-09T01:00:00+00:00,0.045,80634801.0,3340818.12664,1.725040443822819,no,no,-0.6702222222222223,yes,yes,yes,no,binance_spot,binance,yes,
XMR,XMR,841a343b613e39f5,MONITORING_TAG_ADDED,2024-02-06T18:00:00+00:00,100.4,0.344621513944223,0.344621513944223,0.344621513944223,0.344621513944223,0.344621513944223,0.344621513944223,0.344621513944223,yes,no,no,no,0.5416666666666666,2024-02-07T07:00:00+00:00,135.0,27196.531,3536474.3447,-0.5054106223099372,yes,yes,-0.1962962962962963,no,no,no,no,binance_spot,binance,no,
YFII,YFII,17d622fb9ec8aa71,SPOT_TOKEN_DELISTING_ANNOUNCED,2023-08-21T15:00:00+00:00,419.2,0.0458015267175573,0.0458015267175573,0.0458015267175573,0.0458015267175573,0.0458015267175573,0.0458015267175573,0.0458015267175573,no,no,no,no,0.0416666666666666,2023-08-21T16:00:00+00:00,438.4,415.1904,178128.95998,2.571046028169489,unknown,unknown,-0.0317062043795619,no,no,no,no,binance_spot,binance,yes,
ZEC,ZEC,0530e835539c12c2,MONITORING_TAG_ADDED,2024-01-09T12:00:00+00:00,18.5,0.1216216216216217,0.362162162162162,0.3783783783783783,0.3783783783783783,0.3783783783783783,0.9254054054054052,0.9270270270270268,yes,yes,no,no,63.583333333333336,2024-03-13T02:00:00+00:00,35.65,18706.316,661982.76849,0.5323077421530659,yes,yes,-0.5573632538569425,no,no,no,no,binance_spot,binance,no,
ZEN,ZEN,b2f582e4f6f3e84c,MONITORING_TAG_ADDED,2024-01-08T03:00:00+00:00,6.64,0.1490963855421687,0.2500000000000002,0.5948795180722892,0.5948795180722892,0.5948795180722892,1.1144578313253013,1.798192771084337,yes,yes,yes,no,65.625,2024-03-13T18:00:00+00:00,18.58,146321.25,2629398.81,1.3653925425281923,yes,yes,-0.6889128094725511,no,no,no,no,binance_spot,binance,no,
FORTH,FORTH,9499c53655bc3991,MONITORING_TAG_ADDED,2026-04-01T02:00:00+00:00,0.221,,,,,,,,no,no,no,no,,,,,,,unknown,unknown,,no,no,no,no,binance_spot,binance,no,
TRU,TRU,4623eb2e7750ecc2,MONITORING_TAG_ADDED,2026-04-28T02:00:00+00:00,0.0022,,,,,,,,no,no,no,no,,,,,,,unknown,unknown,,no,no,yes,no,binance_spot,binance,yes,
